-- MySQL dump 10.13  Distrib 8.0.29, for Linux (x86_64)
--
-- Host: 10.0.153.230    Database: skar_gen
-- ------------------------------------------------------
-- Server version	8.0.29

/*!40101 SET @OLD_CHARACTER_SET_CLIENT=@@CHARACTER_SET_CLIENT */;
/*!40101 SET @OLD_CHARACTER_SET_RESULTS=@@CHARACTER_SET_RESULTS */;
/*!40101 SET @OLD_COLLATION_CONNECTION=@@COLLATION_CONNECTION */;
/*!50503 SET NAMES utf8mb4 */;
/*!40103 SET @OLD_TIME_ZONE=@@TIME_ZONE */;
/*!40103 SET TIME_ZONE='+00:00' */;
/*!40014 SET @OLD_UNIQUE_CHECKS=@@UNIQUE_CHECKS, UNIQUE_CHECKS=0 */;
/*!40014 SET @OLD_FOREIGN_KEY_CHECKS=@@FOREIGN_KEY_CHECKS, FOREIGN_KEY_CHECKS=0 */;
/*!40101 SET @OLD_SQL_MODE=@@SQL_MODE, SQL_MODE='NO_AUTO_VALUE_ON_ZERO' */;
/*!40111 SET @OLD_SQL_NOTES=@@SQL_NOTES, SQL_NOTES=0 */;

--
-- Table structure for table `additional_document_xml`
--

DROP TABLE IF EXISTS `additional_document_xml`;
/*!40101 SET @saved_cs_client     = @@character_set_client */;
/*!50503 SET character_set_client = utf8mb4 */;
CREATE TABLE `additional_document_xml` (
  `document_urn` varchar(255) NOT NULL,
  `element_key` varchar(255) NOT NULL,
  `g_user_id` int NOT NULL,
  `xml_element` longtext NOT NULL,
  `geneious_major_version_1` int NOT NULL DEFAULT '0',
  `geneious_major_version_2` int NOT NULL DEFAULT '0',
  PRIMARY KEY (`document_urn`,`element_key`,`g_user_id`,`geneious_major_version_1`,`geneious_major_version_2`),
  KEY `g_user_id` (`g_user_id`),
  CONSTRAINT `additional_document_xml_ibfk_1` FOREIGN KEY (`document_urn`) REFERENCES `annotated_document` (`urn`) ON DELETE CASCADE,
  CONSTRAINT `additional_document_xml_ibfk_2` FOREIGN KEY (`g_user_id`) REFERENCES `g_user` (`id`) ON DELETE CASCADE
) ENGINE=InnoDB DEFAULT CHARSET=utf8mb4 COLLATE=utf8mb4_0900_ai_ci;
/*!40101 SET character_set_client = @saved_cs_client */;

--
-- Dumping data for table `additional_document_xml`
--

LOCK TABLES `additional_document_xml` WRITE;
/*!40000 ALTER TABLE `additional_document_xml` DISABLE KEYS */;
INSERT INTO `additional_document_xml` VALUES ('urn:local:gonzaleo:28-f1tlo8a','DocumentHistory',-1,'<DocumentHistory geneiousVersion=\"2022.1.1\">\r\n  <entryFields>\r\n    <DocumentHistoryEntryField class=\"com.biomatters.geneious.publicapi.documents.DocumentHistoryEntryFieldImplementation\">\r\n      <com.biomatters.date fieldName=\"Created\">1598354546310</com.biomatters.date>\r\n    </DocumentHistoryEntryField>\r\n    <DocumentHistoryEntryField class=\"com.biomatters.geneious.publicapi.documents.DocumentHistoryEntryFieldImplementation\">\r\n      <com.biomatters.user fieldName=\"User\">gonzaleo</com.biomatters.user>\r\n    </DocumentHistoryEntryField>\r\n    <DocumentHistoryEntryField class=\"com.biomatters.geneious.publicapi.documents.DocumentHistoryEntryFieldImplementation\">\r\n      <com.biomatters.geneiousVersion fieldName=\"Geneious Version\">2020.1.2</com.biomatters.geneiousVersion>\r\n    </DocumentHistoryEntryField>\r\n    <DocumentHistoryEntryField class=\"com.biomatters.geneious.publicapi.documents.DocumentHistoryEntryFieldImplementation\">\r\n      <description fieldName=\"New Sequence\">entered manually</description>\r\n    </DocumentHistoryEntryField>\r\n  </entryFields>\r\n</DocumentHistory>',2022,1),('urn:local:gonzaleo:28-f1tlo8a','sequenceViewOptions',-1,'<sequenceViewOptions geneiousVersion=\"2022.1.1\">\r\n  <SequenceViewerState>\r\n    <zoom isMinimumZoom=\"true\">0.10036659240722656</zoom>\r\n    <SequenceViewerSelectionState>\r\n      <selectedRegions />\r\n    </SequenceViewerSelectionState>\r\n    <SequenceViewerLocation>\r\n      <sequenceNumber>0</sequenceNumber>\r\n      <residueNumber>5405</residueNumber>\r\n      <xOffset>0</xOffset>\r\n      <yOffset>-5</yOffset>\r\n    </SequenceViewerLocation>\r\n    <docRevisionNumbers>\r\n      <listValue>2</listValue>\r\n    </docRevisionNumbers>\r\n  </SequenceViewerState>\r\n  <translation>\r\n    <option name=\"frame\">Frame1</option>\r\n    <option name=\"relativeTo\">sequence</option>\r\n  </translation>\r\n  <liveAnnotators>\r\n    <option name=\"com.biomatters.plugins.featureFinder.FeatureFinder_NUCLEOTIDEOn\">false</option>\r\n    <option name=\"ORF_Annotation_GeneratorOn\">false</option>\r\n  </liveAnnotators>\r\n  <restrictionSites>\r\n    <childOption name=\"com.biomatters.plugins.restrictionAnalysis.RestrictionSiteAnnotationGenerator\">\r\n      <childOption name=\"com.biomatters.plugins.restrictionAnalysis.RestrictionSiteAnnotationGenerator\">\r\n        <option name=\"excluded\">(1, 10804)</option>\r\n        <option name=\"grabExcludeRangeOption\">[1,10804)</option>\r\n      </childOption>\r\n    </childOption>\r\n  </restrictionSites>\r\n</sequenceViewOptions>',2022,1),('urn:local:gonzaleo:29-f1tlo8a','DocumentHistory',-1,'<DocumentHistory geneiousVersion=\"2022.1.1\">\r\n  <entryFields>\r\n    <DocumentHistoryEntryField class=\"com.biomatters.geneious.publicapi.documents.DocumentHistoryEntryFieldImplementation\">\r\n      <com.biomatters.date fieldName=\"Created\">1598354062749</com.biomatters.date>\r\n    </DocumentHistoryEntryField>\r\n    <DocumentHistoryEntryField class=\"com.biomatters.geneious.publicapi.documents.DocumentHistoryEntryFieldImplementation\">\r\n      <com.biomatters.user fieldName=\"User\">gonzaleo</com.biomatters.user>\r\n    </DocumentHistoryEntryField>\r\n    <DocumentHistoryEntryField class=\"com.biomatters.geneious.publicapi.documents.DocumentHistoryEntryFieldImplementation\">\r\n      <com.biomatters.geneiousVersion fieldName=\"Geneious Version\">2020.1.2</com.biomatters.geneiousVersion>\r\n    </DocumentHistoryEntryField>\r\n    <DocumentHistoryEntryField class=\"com.biomatters.geneious.publicapi.documents.DocumentHistoryEntryFieldImplementation\">\r\n      <description fieldName=\"New Sequence\">entered manually</description>\r\n    </DocumentHistoryEntryField>\r\n  </entryFields>\r\n</DocumentHistory>',2022,1),('urn:local:gonzaleo:29-f1tlo8a','sequenceViewOptions',-1,'<sequenceViewOptions geneiousVersion=\"2022.1.1\">\r\n  <SequenceViewerState>\r\n    <zoom isMinimumZoom=\"true\">0.09835624694824219</zoom>\r\n    <SequenceViewerSelectionState>\r\n      <selectedRegions />\r\n    </SequenceViewerSelectionState>\r\n    <SequenceViewerLocation>\r\n      <sequenceNumber>0</sequenceNumber>\r\n      <residueNumber>5515</residueNumber>\r\n      <xOffset>1</xOffset>\r\n      <yOffset>-5</yOffset>\r\n    </SequenceViewerLocation>\r\n    <docRevisionNumbers>\r\n      <listValue>2</listValue>\r\n    </docRevisionNumbers>\r\n  </SequenceViewerState>\r\n  <translation>\r\n    <option name=\"frame\">Frame1</option>\r\n    <option name=\"relativeTo\">sequence</option>\r\n  </translation>\r\n  <liveAnnotators>\r\n    <option name=\"com.biomatters.plugins.featureFinder.FeatureFinder_NUCLEOTIDEOn\">false</option>\r\n    <option name=\"ORF_Annotation_GeneratorOn\">false</option>\r\n  </liveAnnotators>\r\n  <restrictionSites>\r\n    <childOption name=\"com.biomatters.plugins.restrictionAnalysis.RestrictionSiteAnnotationGenerator\">\r\n      <childOption name=\"com.biomatters.plugins.restrictionAnalysis.RestrictionSiteAnnotationGenerator\">\r\n        <option name=\"excluded\">(1, 11026)</option>\r\n        <option name=\"grabExcludeRangeOption\">[1,11026)</option>\r\n      </childOption>\r\n    </childOption>\r\n  </restrictionSites>\r\n</sequenceViewOptions>',2022,1),('urn:local:gonzaleo:29-f1tlo8a','sequenceViewOptions1f-cbt4xbb',-1,'<sequenceViewOptions geneiousVersion=\"2022.1.1\">\r\n  <SequenceViewerState>\r\n    <zoom isMinimumZoom=\"true\">0.0103165244751043</zoom>\r\n    <SequenceViewerSelectionState tmForSelection=\"-1.0\">\r\n      <selectedRegions />\r\n    </SequenceViewerSelectionState>\r\n    <SequenceViewerLocation>\r\n      <sequenceNumber>1</sequenceNumber>\r\n      <residueNumber>5517</residueNumber>\r\n      <xOffset>0</xOffset>\r\n      <yOffset>130</yOffset>\r\n    </SequenceViewerLocation>\r\n  </SequenceViewerState>\r\n  <translation>\r\n    <option name=\"frame\">Frame1</option>\r\n    <option name=\"relativeTo\">sequence</option>\r\n  </translation>\r\n  <liveAnnotators>\r\n    <option name=\"com.biomatters.plugins.featureFinder.FeatureFinder_NUCLEOTIDEOn\">false</option>\r\n    <option name=\"ORF_Annotation_GeneratorOn\">false</option>\r\n  </liveAnnotators>\r\n  <restrictionSites>\r\n    <option name=\"com.biomatters.plugins.restrictionAnalysis.RestrictionSiteAnnotationGeneratorOn\">false</option>\r\n    <childOption name=\"com.biomatters.plugins.restrictionAnalysis.RestrictionSiteAnnotationGenerator\">\r\n      <childOption name=\"com.biomatters.plugins.restrictionAnalysis.RestrictionSiteAnnotationGenerator\">\r\n        <option name=\"excluded\">(2, 222)</option>\r\n        <option name=\"grabExcludeRangeOption\">[1,11026)</option>\r\n      </childOption>\r\n    </childOption>\r\n  </restrictionSites>\r\n</sequenceViewOptions>',2022,1),('urn:local:gonzaleo:2a-f1tlo8a','DocumentHistory',-1,'<DocumentHistory geneiousVersion=\"2022.1.1\">\r\n  <entryFields>\r\n    <DocumentHistoryEntryField class=\"com.biomatters.geneious.publicapi.documents.DocumentHistoryEntryFieldImplementation\">\r\n      <com.biomatters.date fieldName=\"Created\">1598353962850</com.biomatters.date>\r\n    </DocumentHistoryEntryField>\r\n    <DocumentHistoryEntryField class=\"com.biomatters.geneious.publicapi.documents.DocumentHistoryEntryFieldImplementation\">\r\n      <com.biomatters.user fieldName=\"User\">gonzaleo</com.biomatters.user>\r\n    </DocumentHistoryEntryField>\r\n    <DocumentHistoryEntryField class=\"com.biomatters.geneious.publicapi.documents.DocumentHistoryEntryFieldImplementation\">\r\n      <com.biomatters.geneiousVersion fieldName=\"Geneious Version\">2020.1.2</com.biomatters.geneiousVersion>\r\n    </DocumentHistoryEntryField>\r\n    <DocumentHistoryEntryField class=\"com.biomatters.geneious.publicapi.documents.DocumentHistoryEntryFieldImplementation\">\r\n      <description fieldName=\"New Sequence\">entered manually</description>\r\n    </DocumentHistoryEntryField>\r\n  </entryFields>\r\n</DocumentHistory>',2022,1),('urn:local:gonzaleo:2a-f1tlo8a','sequenceViewOptions',-1,'<sequenceViewOptions geneiousVersion=\"2022.1.1\">\r\n  <SequenceViewerState>\r\n    <zoom isMinimumZoom=\"true\">0.10246086120605469</zoom>\r\n    <SequenceViewerSelectionState>\r\n      <selectedRegions />\r\n    </SequenceViewerSelectionState>\r\n    <SequenceViewerLocation>\r\n      <sequenceNumber>0</sequenceNumber>\r\n      <residueNumber>5294</residueNumber>\r\n      <xOffset>1</xOffset>\r\n      <yOffset>-5</yOffset>\r\n    </SequenceViewerLocation>\r\n    <docRevisionNumbers>\r\n      <listValue>2</listValue>\r\n    </docRevisionNumbers>\r\n  </SequenceViewerState>\r\n  <translation>\r\n    <option name=\"frame\">Frame1</option>\r\n    <option name=\"relativeTo\">sequence</option>\r\n  </translation>\r\n  <liveAnnotators>\r\n    <option name=\"com.biomatters.plugins.featureFinder.FeatureFinder_NUCLEOTIDEOn\">false</option>\r\n    <option name=\"ORF_Annotation_GeneratorOn\">false</option>\r\n  </liveAnnotators>\r\n  <restrictionSites>\r\n    <childOption name=\"com.biomatters.plugins.restrictionAnalysis.RestrictionSiteAnnotationGenerator\">\r\n      <childOption name=\"com.biomatters.plugins.restrictionAnalysis.RestrictionSiteAnnotationGenerator\">\r\n        <option name=\"excluded\">(1, 10582)</option>\r\n        <option name=\"grabExcludeRangeOption\">[1,10582)</option>\r\n      </childOption>\r\n    </childOption>\r\n  </restrictionSites>\r\n</sequenceViewOptions>',2022,1),('urn:local:gonzaleo:2a-f1tlo8a','sequenceViewOptions14-cbt3w03',-1,'<sequenceViewOptions geneiousVersion=\"2022.1.1\">\r\n  <SequenceViewerState>\r\n    <zoom isMinimumZoom=\"true\">0.005381220092508616</zoom>\r\n    <SequenceViewerSelectionState>\r\n      <selectedRegions />\r\n    </SequenceViewerSelectionState>\r\n    <SequenceViewerLocation>\r\n      <sequenceNumber>1</sequenceNumber>\r\n      <residueNumber>5528</residueNumber>\r\n      <xOffset>0</xOffset>\r\n      <yOffset>77</yOffset>\r\n    </SequenceViewerLocation>\r\n    <docRevisionNumbers>\r\n      <listValue>1</listValue>\r\n      <listValue>1</listValue>\r\n    </docRevisionNumbers>\r\n  </SequenceViewerState>\r\n  <translation>\r\n    <option name=\"frame\">Frame1</option>\r\n    <option name=\"relativeTo\">sequence</option>\r\n  </translation>\r\n  <liveAnnotators>\r\n    <option name=\"com.biomatters.plugins.featureFinder.FeatureFinder_NUCLEOTIDEOn\">false</option>\r\n    <option name=\"ORF_Annotation_GeneratorOn\">false</option>\r\n  </liveAnnotators>\r\n  <restrictionSites>\r\n    <option name=\"com.biomatters.plugins.restrictionAnalysis.RestrictionSiteAnnotationGeneratorOn\">false</option>\r\n    <childOption name=\"com.biomatters.plugins.restrictionAnalysis.RestrictionSiteAnnotationGenerator\">\r\n      <childOption name=\"com.biomatters.plugins.restrictionAnalysis.RestrictionSiteAnnotationGenerator\">\r\n        <option name=\"excluded\">(2, 444)</option>\r\n        <option name=\"grabExcludeRangeOption\">[1,11026)</option>\r\n      </childOption>\r\n    </childOption>\r\n  </restrictionSites>\r\n</sequenceViewOptions>',2022,1),('urn:local:gonzaleo:2a-f1tlo8a','sequenceViewOptionsMulti',-1,'<sequenceViewOptions geneiousVersion=\"2022.1.1\">\r\n  <SequenceViewerState>\r\n    <zoom isMinimumZoom=\"true\">0.005373662199120261</zoom>\r\n    <SequenceViewerSelectionState>\r\n      <selectedRegions />\r\n    </SequenceViewerSelectionState>\r\n    <SequenceViewerLocation>\r\n      <sequenceNumber>2</sequenceNumber>\r\n      <residueNumber>5520</residueNumber>\r\n      <xOffset>1</xOffset>\r\n      <yOffset>67</yOffset>\r\n    </SequenceViewerLocation>\r\n    <docRevisionNumbers>\r\n      <listValue>1</listValue>\r\n      <listValue>1</listValue>\r\n      <listValue>1</listValue>\r\n    </docRevisionNumbers>\r\n  </SequenceViewerState>\r\n  <translation>\r\n    <option name=\"frame\">Frame1</option>\r\n    <option name=\"relativeTo\">sequence</option>\r\n  </translation>\r\n  <liveAnnotators>\r\n    <option name=\"com.biomatters.plugins.featureFinder.FeatureFinder_NUCLEOTIDEOn\">false</option>\r\n    <option name=\"ORF_Annotation_GeneratorOn\">false</option>\r\n  </liveAnnotators>\r\n  <restrictionSites>\r\n    <option name=\"com.biomatters.plugins.restrictionAnalysis.RestrictionSiteAnnotationGeneratorOn\">false</option>\r\n    <childOption name=\"com.biomatters.plugins.restrictionAnalysis.RestrictionSiteAnnotationGenerator\">\r\n      <childOption name=\"com.biomatters.plugins.restrictionAnalysis.RestrictionSiteAnnotationGenerator\">\r\n        <option name=\"excluded\">(2, 10582)</option>\r\n        <option name=\"grabExcludeRangeOption\">[1,10582)</option>\r\n      </childOption>\r\n    </childOption>\r\n  </restrictionSites>\r\n</sequenceViewOptions>',2022,1);
/*!40000 ALTER TABLE `additional_document_xml` ENABLE KEYS */;
UNLOCK TABLES;

--
-- Table structure for table `additional_xml_timestamp`
--

DROP TABLE IF EXISTS `additional_xml_timestamp`;
/*!40101 SET @saved_cs_client     = @@character_set_client */;
/*!50503 SET character_set_client = utf8mb4 */;
CREATE TABLE `additional_xml_timestamp` (
  `document_urn` varchar(255) NOT NULL,
  `g_user_id` int NOT NULL,
  `modified` timestamp NULL DEFAULT NULL,
  PRIMARY KEY (`document_urn`,`g_user_id`),
  KEY `g_user_id` (`g_user_id`),
  CONSTRAINT `additional_xml_timestamp_ibfk_1` FOREIGN KEY (`document_urn`) REFERENCES `annotated_document` (`urn`) ON DELETE CASCADE,
  CONSTRAINT `additional_xml_timestamp_ibfk_2` FOREIGN KEY (`g_user_id`) REFERENCES `g_user` (`id`) ON DELETE CASCADE
) ENGINE=InnoDB DEFAULT CHARSET=utf8mb4 COLLATE=utf8mb4_0900_ai_ci;
/*!40101 SET character_set_client = @saved_cs_client */;

--
-- Dumping data for table `additional_xml_timestamp`
--

LOCK TABLES `additional_xml_timestamp` WRITE;
/*!40000 ALTER TABLE `additional_xml_timestamp` DISABLE KEYS */;
INSERT INTO `additional_xml_timestamp` VALUES ('urn:local:gonzaleo:28-f1tlo8a',-1,'2022-07-12 09:50:41'),('urn:local:gonzaleo:29-f1tlo8a',-1,'2022-07-12 09:50:41'),('urn:local:gonzaleo:2a-f1tlo8a',-1,'2022-07-12 09:50:42');
/*!40000 ALTER TABLE `additional_xml_timestamp` ENABLE KEYS */;
UNLOCK TABLES;

--
-- Table structure for table `annotated_document`
--

DROP TABLE IF EXISTS `annotated_document`;
/*!40101 SET @saved_cs_client     = @@character_set_client */;
/*!50503 SET character_set_client = utf8mb4 */;
CREATE TABLE `annotated_document` (
  `id` int NOT NULL,
  `folder_id` int NOT NULL,
  `modified` timestamp NOT NULL,
  `urn` varchar(255) NOT NULL,
  `document_xml` longtext NOT NULL,
  `plugin_document_xml` longtext NOT NULL,
  `reference_count` int NOT NULL,
  PRIMARY KEY (`id`),
  UNIQUE KEY `urn` (`urn`),
  KEY `folder_id` (`folder_id`),
  CONSTRAINT `annotated_document_ibfk_1` FOREIGN KEY (`folder_id`) REFERENCES `folder` (`id`) ON DELETE CASCADE
) ENGINE=InnoDB DEFAULT CHARSET=utf8mb4 COLLATE=utf8mb4_0900_ai_ci;
/*!40101 SET character_set_client = @saved_cs_client */;

--
-- Dumping data for table `annotated_document`
--

LOCK TABLES `annotated_document` WRITE;
/*!40000 ALTER TABLE `annotated_document` DISABLE KEYS */;
INSERT INTO `annotated_document` VALUES (32,6,'2022-07-12 14:24:04','urn:local:gonzaleo:28-f1tlo8a','<document class=\"com.biomatters.geneious.publicapi.implementations.sequence.DefaultNucleotideSequence\" version=\"1.3-11\" revisionNumber=\"2\" geneiousVersion=\"2022.1.1\" geneiousVersionMinimum=\"7.1\" PluginDocument_FormatLastChanged=\"7.1\" PluginDocument_FormatLastExtended=\"8.1\" PluginDocument_OldestVersionSerializableTo=\"6.0\">\r\n  <hiddenFields>\r\n    <descendant_operation_record_documents type=\"list\">\r\n      <descendant_operation_record_documents type=\"int\">0</descendant_operation_record_documents>\r\n      <descendant_operation_record_documents type=\"int\">1</descendant_operation_record_documents>\r\n    </descendant_operation_record_documents>\r\n    <cache_plugin_document_urn></cache_plugin_document_urn>\r\n    <cache_urn type=\"urn\">urn:local:gonzaleo:28-f1tlo8a</cache_urn>\r\n    <nucleotideSequenceWithQualityCount type=\"int\">0</nucleotideSequenceWithQualityCount>\r\n    <override_organism>T. aestivum</override_organism>\r\n    <description>Genomic DNA</description>\r\n    <cache_name>SBEIIa-2D</cache_name>\r\n    <weak_referenced_documents type=\"list\">\r\n      <weak_referenced_documents type=\"int\">0</weak_referenced_documents>\r\n      <weak_referenced_documents type=\"int\">1</weak_referenced_documents>\r\n    </weak_referenced_documents>\r\n    <cache_created type=\"date\">1598354546304</cache_created>\r\n    <referenced_documents type=\"list\">\r\n      <referenced_documents>urn:local:gonzaleo:26-f1tlo8a@0</referenced_documents>\r\n      <referenced_documents>urn:local:gonzaleo:23-f1tlo8a@0</referenced_documents>\r\n    </referenced_documents>\r\n    <trimmedSequencesCount type=\"int\">0</trimmedSequencesCount>\r\n  </hiddenFields>\r\n  <fields>\r\n    <document_size type=\"bytes\">11065</document_size>\r\n    <molType>DNA</molType>\r\n    <sequence_length type=\"int\">10804</sequence_length>\r\n    <topology>linear</topology>\r\n    <sequence_residues>AGGTAAACGCGCTCCCAGCCGTTGGTTTGCGATCTCGTCCTCCCGCACGCAGCGTCGCCTCCACCGTCCGTCCGTCGCTCTCTGCCACCTCTGCTGTGCGCGCGCACGAGGGAGGAAGACGACGCCGCACACACACTCACACACGGCACACTCCCCGTGGGTCCCCTTTCCGGCTCGGCGTCTATCTCCTCTCCCCCGCCCATCCCCATGCACTGCACCGTACCCGCCAGCTTCCACCCCCGCCGCACACGTTGCTCCCCCTTCTCATCGCTTCTCAATTAATATCTCCATCACTCGGGTTCCGCGCTGCATTTCGGCCGGCGGGTTGAGTGAGATCTGGGCGACTGGCTGACTCAATCACTACGCGGGGATGGCGACGTTCGCGGTGTCCGGCGCGACTCTCGGTGTGGCGCGGGCCGGCGTCGGAGTGGCGCGGGCCGGCTCGGAGCGGAGGGGCGGGGCGGACTTGCCGTCGCTGCTCCTCAGGAAGAAGGACTCCT</sequence_residues>\r\n    <gcPercent decimalPlacesDisplayed=\"1\" type=\"percent\">40.601644245142005</gcPercent>\r\n    <modified_date type=\"date\">1598354546304</modified_date>\r\n  </fields>\r\n</document>','<XMLSerialisableRootElement cachedCountGC=\"4346\" cachedCountAT=\"6358\" charSequenceValidated=\"true\">\r\n  <created type=\"date\">1598354546304</created>\r\n  <name>SBEIIa-2D</name>\r\n  <description>Genomic DNA</description>\r\n  <charSequence>AGGTAAACGCGCTCCCAGCCGTTGGTTTGCGATCTCGTCCTCCCGCACGCAGCGTCGCCTCCACCGTCCGTCCGTCGCTCTCTGCCACCTCTGCTGTGCGCGCGCACGAGGGAGGAAGACGACGCCGCACACACACTCACACACGGCACACTCCCCGTGGGTCCCCTTTCCGGCTCGGCGTCTATCTCCTCTCCCCCGCCCATCCCCATGCACTGCACCGTACCCGCCAGCTTCCACCCCCGCCGCACACGTTGCTCCCCCTTCTCATCGCTTCTCAATTAATATCTCCATCACTCGGGTTCCGCGCTGCATTTCGGCCGGCGGGTTGAGTGAGATCTGGGCGACTGGCTGACTCAATCACTACGCGGGGATGGCGACGTTCGCGGTGTCCGGCGCGACTCTCGGTGTGGCGCGGGCCGGCGTCGGAGTGGCGCGGGCCGGCTCGGAGCGGAGGGGCGGGGCGGACTTGCCGTCGCTGCTCCTCAGGAAGAAGGACTCCTCTCGTACGCCTCGCTCTCTCGAATCTCCCCGTCTGGCTTTGGCTCCCCTTCTCTCTCCTCTGCGCGCGCATGGCCTGTTCGATGCTGTTCCCCAATTGATCTCCATGAGTGAGAGAGATAGCTGGATTAGGCGATCGCGCTTCCTGAACCTGTATTTTTTTCCCCGCGGGGAAATGCGTTAGTGTCACCCAGGCCCTGGTGTTACCACGGCTTTGATCATTCCTCGTTTCATTCTGATATATATTTTCTCACTCTTTTTCTTCCTGTTCTTGCTGTAACTGCAAGTTGTGGCGTTTTTTCACTATTGTAGTCATCCTTGCATTTTGCAGGCGCCGTCCTGAGCCGCGCGGCCTCTCCAGGGAAGGTCCTGGTGCCTGACGGCGAGAGCGACGACTTGGCAAGTCCGGCGCAACCTGAAGAATTACAGGTACACACACTCGTGCCGGTAAATCTTCATACAATCGTTATTCACTTACCAAATGCCGGATGAAACCAACCACGGATGCGTCAGGTTTCGAGCTTCTTCTATCAGCATTGTGCAGTACTGCACTGCCTTGTTCATTTTGTTAGCCTTGGCCCCGTGCTGGCTCTTGGGCCACTGAAAAAATCAGATGGATGTGCATTCTAGCAAGAACTTCACAACATAATGCACCGTTTGGGGTTTCGTCAGTCTGCTCTACAATTGCTATTTTTCGTGCTGTAGATACCTGAAGATATCGAGGAGCAAACGGCGGAAGTGAACATGACAGGGGGGACTGCAGAGAAACTTCAATCTTCAGAACCGACTCAGGGCATTGTGGAAACAATCACTGATGGTGTAACCAAAGGAGTTAAGGAACTAGTCGTGGGGGAGAAACCGCGAGTTGTCCCAAAACCAGGAGATGGGCAGAAAATATACGAGATTGACCCAACACTGAAAGATTTTCGGAGCCATCTTGACTACCGGTAATGCCTACCCGCTGCTTTCGCTCATTTTGAATTAAGGTCCTTTCATCATGCAAATTTGGGGAACATCAAAGAGACAAAGACTAGGGACCACCATTTCATACAGATCCCCTCGTGGTCTGAGAATATGCTGGGAAGTAAATGTATAATTGATGGCTACAATTTGCTCAAAATTGCAATACGAATAACTGTCTCCGATCATTACAATTAAAGAGTGGCAAACTGATGAAAATGTGGTGGATGGGTTATAGATTTTACTTTGCTAATTCCTCTACCAAATTCCTAGGGGGGAAATCTACCAGTTGGGAAACTTAGTTTCTTATCTTTGTGGCCTTTTTGTTTTGGGGAAAACACATTGCTAAATTCGAATGATTTTGGGTATACCTCGGTGGATTCAACAGATACAGCGAATACAAGAGAATTCGTGCTGCTATTGACCAACATGAAGGTGGATTGGAAGCATTTTCTCGTGGTTATGAAAAGCTTGGATTTACCCGCAGGTAAATTTAAAGCTTTATTATTATGAAACGCCTCCACTAGTCTAATTGCATATCTTATAAGAAAATTTATAATTCCTGTTTTCCCCTCTCTTTTTTCCAGTGCTGAAGGTATCGTCTAATTGCATATCTTATAAGAAAATTTATATTCCTGTTTTCCCCTATTTTCCAGTGCTGAAGGTATCACTTACCGAGAATGGGCTCCTGGAGCGCATGTATGTCTTTTAAGTCTTAACAGACACCTTCCAATTTATTGTTAATGGTCACTATTCACCAACTAGCTTACTGGACTTACAAATTAGCTTACTGAATACTGACCAGTTACTATAAATTTATGATCTGGCTTTTGCACCCTGTTACAGTCTGCAGCATTAGTAGGTGACTTCAACAATTGGAATCCAAATGCAGATGCTATGACCAGAGTATGTCTACAGCTTGGCAATTTTCCACCTTTGCTTCATAACTACTGATACATCTATTTGTATTTATTTAGCTGTTTGCACATTCCTTAAAGTTGAGCCTCAACTACATCATATCAAAATGGTATAATTTGTCAGTGTCTTAAGCTTCAGCCCAAAGATTCTACTGAATTTAGTCCATCTTTTTGAGATTGAAAATGAGTATATTAAGGATGAATGAATACGTGCAACACTCCCATCTGCATTATGTGTGCTTTTCCATCTACAATGAGCATATTTCCATGCTATCAGTGAAGGTTTGCTCCTATTGATGCAGATATTTGATATGGTCTTTTCAGGATGATTATGGTGTTTGGGAGATTTTCCTCCCTAACAACGCTGATGGATCCTCAGCTATTCCTCATGGCTCACGTGTAAAGGTAAGCTGGCCAATTATTTAGTCGAGGATGTAGCATTTTCGAACTCTGCCTACTAAGGGTCCCTTTTCCTCTCTGTTTTTTAGATACGGATGGATACTCCATCCGGTGTGAAGGATTCAATTTCTGCTTGGATCAAGTTCTCTGTGCAGGCTCCAGGTGAAATACCTTTCAATGGCATATATTATGATCCACCTGAAGAGGTAAGTATCGATCTACATTACATTATTAAATGAAATTTCCAGTGTTACAGTTTTTTAATACCCACTTCTTACTGACATGTGAGTCAAGACAATACTTTTGAATTTGGAAGTGACATATGCATTAATTCACCTTCTAAGGGCTAAGGGGCAACCAACCTTGGTGATGTGTGTATGCTTGTGTGTGACATAAGATCTTATAGCTCTTTTATGTGTTCTCTGTTGGTTAGGATATTCCATTTTGGCCTTTTGTGACCATTTACTAAGGATATTTACATGCAAATGCAGGAGAAGTATGTCTTCCAACATCCTCAACCTAAACGACCAGAGTCACTAAGGATTTATGAATCACACATTGGAATGAGCAGCCCGGTATGTCAATAAGTTATTTCACCTGTTTCTGGTCTGATGGTTTATTCTATGGATTTTCTAGTTCTGTTATGTACTGTTAACATATTACATGGTGCATTCACTTGACAACCTCGATTTTATTTTCTAATGTCTTCATATTGGCAAGTGCAAAACTTTGCTTCCTCTTTGTCTGCTTGTTCTTTTGTCTTCTGTAAGATTTCCATTGCATTTGGAGGCAGTGGGCATGTGAAAGTCATATCTAATTTTTTTTTTGTCAGAGCATAGTTATATGAATTCCATTGTTGTTGCAATAGCTCGGTATAATGTAACCATGTTACTAGCTTAAGATTTCCCACTTAGGATGTAAGAAATATTGCATTGGAGCGTCTCCAGCAAGCCATTTCCTACCTTATTAATGAGAGAGGGGGGGNNNNNNNNNNNNNNNNNNNNNNNNNNNNNNNNNNNNNNNNNNNNNNNNNNNNNNNNNNNNNNNNNNNNNNNNNNNNNNNNNNNNNNNNNNNNNNNNNNNNGCACAGGAACCGAAGATAAATTCATATGCTAATTTTAGGGATGAGGTGTTGCCAAGAATTAAAAGGCTTGGATACAATGCAGTGCAGATAATGGCAATCCAGGAGCATTCATACTATGCAAGCTTTGGGTATTCACACAATCCATTTTTTTCTGTATACACCTCTTCACCCATTTGGAGCTATTACATCCTAATGCTTCATGCACATAAAATATTTGGATATAATTCTTTATTAGATATATAGTACAACTACACTTAGTATTCTGACTTTTATGATCATTTTATTGTTGTTGGCTTGTTCCAGGTACCATGTTACTAATTTTTTTGCACCAAGTAGCCGTTTTGGAACTCCAGAGGACTTAAAATCCTTGATCGATAGAGCACATGAGCTTGGTTTGCTTGTTCTTATGGATATTGTTCATAGGTAATTAGTCCAATTTAATTTTAGCTGTTTTACTGTTTATCTGGTATTCTAAAGGGAAAATCAGGCAATTATGATACATTGTCAAAAGCTAAGAGTGGCGAAAGTGAAATGTCAAAATCTAGAGTGGCATAAGGAAAATTGGCAAAAACTAGTGGCAAAAATAAAATTTTCCCATCCTAAATGGCAGGGCCCTATCGCCGAATATTTTTCCATTCTATATAATTGTGCTACGTGACTTCTTTTTTCTCAGATGTATTAAACCAGTTGGACATGAAATGTATTTGGTACATGTAGTAAACTGACAGTTCCATAGAATATCGTTTTGTAATGGCAACACAATTTGATGCCATAGATGTGGATTGAGAAGTTCAGATGCTATCAATAGAATTAATCAACTGGCCATGTACTCGTGGCACTACATATAGTTTGCAAGTTGGAAAACTGACAGCAATACCTCACTGATAAGTGGCCAGGCCCCACTTGCCAGCTTCATACTAGATGTTACTTCCCTGTTGAATTCATTTGAACATATTACTTAAAGTTCTTCATTTGTCCTAAGTCAAACTTCTTTAAGTTTGACCAAGTCTATTGGAAAATATATCAACATCTACAACACCAAATTACTTTGATCAGATTAACAATTTTTATTTTATTATATTAGCACATCTTTGATGTTGTAGATATCAGCACATTTTTCTATAGACTTGGTCAAATATAGAGAAGTTTGACTTAGGACAAATCTAGAACTTCAATCAATTTGGATCAGAGGGAACATCAAATAATATAGATAGATGTCAACACTTCAACAAAAAAATCAGACCTTGTCACCATATATGCATCAGACCATCTGTTTGCTTTAGCCACTTGCTTTCATATTTATGTGTTTGTACCTAATCTACTTTTCCTTCTACTTGGTTTGGTTGATTCTATTTCAGTTGCATTGCTTCATCAATGATTTTGTGTACCCTGCAGTCATTCGTCAAATAATACCCTTGACGGTTTGAATGGTTTCGATGGCACTGATACACATTACTTCCACGGTGGTCCACGCGGCCATCATTGGATGTGGGATTCTCGTCTATTCAACTATGGGAGTTGGGAAGTATGTAGCTCTGACTTCTGTCACCATATTTGGCTAACTGTTCCTGTTAATCTGTTCTTACACATGTTGATATTCTATTCTTATGCAGGTATTGAGATTCTTACTGTCAAACGCGAGATGGTGGCTTGAAGAATATAAGTTTGATGGATTTCGATTTGATGGGGTGACCTCCATGATGTATACTCACCATGGATTACAAGTAAGTCATCAAGTGGTTTCAGTAACTTTTTTAGGGCACTGAAACAATTGCTATGCATCATAACATGTATCATGATCAGGACTTGTGCTACGGAGTCTTAGATAGTTCCCTAGTATGCTTGTACAATTTTACCTGATGAGATCATGGAAGATTGGAAGTGATTATTATTTATTTTCTTTCTAAGTTTGTTTCTTGTTCTAGATGACATTTACTGGGAACTATGGCGAATATTTTGGATTTGCTACTGATGTTGATGCGGTAGTTTACTTGATGCTGGTCAACGATCTAATTCATGGACTTTATCCTGATGCTGTATCCATTGGTGAAGATGTAAGTGCTTACAGTATTTATGATTTTTAACTAGTTAAGTAGTTTTATTTTGGGGATCAGTCTGTTACACTTTTTGTTAGGGGTAAAATCTCTCTTTTCATAACAATGCTAATTTATACCTTGTATGATAATGCATCACTTAGGTAATTTGAAAAGTGCAAGGGCATTCAAGCTTACGAGCATATTTTTTGATGGCTGTAATTTATTTGATAGTATGCTTGTTTGGGTTTTTCAATAAGTGGGAGTGTGTGACTAATGTTGTATTATTTATTTAATTGCGGAAGAAATGGGCAACCTTGTCAATTGCTTCAGAAGGCTAACTTTGATTCCATAAACGCTTTGGAAATGAGAGGCTATTCCCAAGGACATGAATTATACTTCAGTGTGTTCTGTACATGTATTTGTAATAGTGGTTTAACTTAAATTCCTGCACTGCTATGGAATCTCACTGTATGTTGTTAGTGTACACATCCACAAACAAGTAATCCTGAACTTTCAACTCATGAGAAAATAGGAGGTTCCGCTTCTGCCAGCATTAACTGTTCACAGTTCTAATTTGTGTAACTGTGAAATTGTTCAGGTCAGTGGAATGCCTACATTTTGCATCCCTGTTCCAGATGGTGGTGTTGGTTTTGACTACCGCCTGCATATGGCTGTAGCAGATAAATGGATTGAACTCCTCAAGTAAGTGCAGGAATATTGGTGATTACATGCGCACAATGATCTAGATTACATTTTCTAAATGGTAAAAAGGAAAATATGTATGTGAATATCTAGACATTTGCCTGTTATCAGCTTGAATACGAGAAGTCAAATACATGATTTAAATAGCAAATCTCGGAAATGTAATGGCTAGTGTCTTTATGCTGGGCAGTGTACATTGCGCTGTAGCAGGCCAGTCAACACAGTTAGCAATATTTTCAGAAACAATATTATTTATATCCGTATATGAGGAAAGTAGGTATATAAACTGTGGTCATTAATTGTGTTCACCTTTTGTCCTGTTTAAGGATGGGCAGTAGGTAATAAATTTAGCCAGATAAAATAAATCGTTATTAGGTTTACAAAAGGAATATACAGGGTCATGTAGCATATCTAGTTGTAATTAATGAAAAGGCTGACAAAAGGCTCGGTAAAAAAAACTTTATGATGATCCAGATAGATATGCAGGAACGCGACTAAAGCTCAAATACTTATTGCTACTACACAGCTGCCAATCTGTCATGATCTGTGTTCTGCTTTGTGCTATTTAGATTTAAATACTAACTCGATACATTGGCAATAATAAACTTAACTATTCAACCAATTTGGTGGATACCAGAGATTTCTGCCCTCTTGTAGTAATGATGTGCTCCTGCTGCTGTTCTCTGCCGTTACAAAAGCTGTTTTCAGTTTTTTGCATCATTATTTTTGTGTGTGAGTAGTTTAAGCATGTTTTTTGAAGCTGTGAGCTGTTGGTACTTAATACATTCTTGGAAGTGTCCAAATATGCTGCAGTGTAATTTAGCATTTCTTTAACACAGGCAAAGTGACGAATCTTGGAAAATGGGCGATATTGTGCACACCCTAACAAATAGAAGGTGGCTTGAGAAGTGTGTAACTTATGCAGAAAGTCATGATCAAGCACTAGTTGGTGACAAGACTATTGCATTCTGGTTGATGGATAAGGTACTAGCTGTTACTTTTGGACCAAAAGAATTACTCCCTCCGTTCCTAAATATAAGTCTTTGTAGAGATTCCACTATGGACCACATAGTATATAGATGCATTTTAGAGTGTAGATTCACTCATTTTGCTTCGTATGTAGTCCATAGTGAAATCTCTACAGAGACTTATATTTAGGAACGGAGGGAGTACATAATTGATTTGTCTCATCAGATTGCTAGTGTTTTCTTGTGATAAAGATTGGCTGCCTCACCCATCACCAGCTATTTCCCAACTGTTACTTGAGCAGAATTTGCTGAAAACGTACCATGTGGTACTGTGGCGGCTTGTGAACTTTGACAGTTATGTTGCAATTTTCTGTTCTTATTTATTTGATTGCTTATGTTACCGTTCATTTGCTCATTTCTTTCCGAGACCAGCCAAAGTCACGTGTAGCTGTGTGATCTGTTATCTGAATCTTGAGCAAATTTTATTAATAGGCTAAAATCCAACGAATTATTTGCTTGAATTTAAATATACAGACGTATAGTCACCTGGCTCTTTCTTAGATGATTACCATAGTGCCTGAAGGCTGAAATAGTTTTGGTGTTTCTTGGATGCCGCCTAAAGGAGTGATTTTTATTGGATAGATTCCTGGCCGAGTCCTCGTTACAACATACATTTTGGAGATATGCTTAGTAACAGCTCTGGGAAGTTTGGTCACAAGTCTGCATCTACACGCTCCTTGAGGTTTTATTATGGCGCCATCTTTGTAACTAGTGGCACCTGTAAGGAAACACATTCAAAAGGAAACGGTCACATCATTCTAATCAGGACCACCATACTAAGAGCAAGATTCTGTTCCAATTTTATGAGTTTTTGGGACTCCAAAGGGAACAAAAGTGTCTCATATTGTGCTTATAACTACAGTTGTTTTTATACCAGTGTAGTTTTATTCCAGGACAGTTGATACTTGGTACTGTGCTGTAAATTATTTATCCGACATAGAACAGCATGAACATATCAAGCTCTCTTTGTGCAGGATATGTATGATTTCATGGCTCTGGATAGGCCTTCAACTCCTCGCATTGATCGTGGCATAGCATTACATAAAATGATCAGGCTTGTCACCATGGGTTTAGGTGGTGAAGGCTATCTTAACTTCATGGGAAATGAGTTTGGGCATCCTGGTCAGTCTTTACAACATTATTGCATTCTGCATGATTGTGATTTACTGTAATTTGAACCATGCTTTTCTTTCACATTGTATGTATTATGTAATCTGTTGCTTCCAAGGAGGAAGTTAACTTCTATTTACTTGGCAGAATGGATAGATTTTCCAAGAGGCCCACAAACTCTTCCAACCGGCAAAGTTCTCCCTGGAAATAACAATAGTTATGATAAATGCCGCCGTAGATTTGATCTTGTAAGTTTTAGCTGTGCTATTACATTCCCTCACTAGATCTTTATTGGCCATTTATTTCTTGATGAAATCATAATGTTTGTTAGGAAAGATCAACATTGCTTTTGTAGTTTTGTAGACGTTAACATAAGTATGTGTTGAGAGTTGTTGATCATTAAAAATATCATGATTTTTTGCAGGGAGATGCAGATTTTCTTAGATATCGTGGTATGCAAGAGTTCGATCAGGCAATGCAGCATCTTGAGGAAAAATATGGGGTATGTCACTGGTTTGTCTTTGTTGCATAACAAGTCACAGTTTAACGTCAGTCTCTTCAAGTGGTAAAAAAAGTGTAGAATTAATTCCTGTAATGAGATGAAAACTGTGCAAAGGCGGAGCTGGAATTGCTTTTCACCAAAACTATTTTCTTAAGTGCTTGTGTATTGATACATATACCAGCACTGACAATGTAACTGCAGTTTATGACATCTGAGCACCAGTATGTTTCACGGAAACATGAGGAAGATAAGGTGATCATCTTCGAAAGAGGAGATTTGGTATTTGTTTTCAACTTCCACTGGAGCAATAGCTTTTTTGACTACCGTGTTGGGTGTTCCAAGCCTGGGAAGTACAAGGTATGCTTGCCTTTTCATTGTCCACCCTTCACCAGTAGGGTTAGTGGGGGCTTCTACAACTTTTAATTCCACATGGATAGAGTTTGTTGGTCGTGCAGCTATCAATATAAAGAATAGGGTAATTTGTAAAGAAAAGAATTTGCTCGAGCTGTTGTAGCCATAGGAAGGTTGTTCTTAACAGCCCCGAAGCACATACCATTCATTCATATTATCTACTTAAGTGTTTGTTTCAATCTTTATGCTCAGTTGGACTCGGTCTAATACTAGAACTATTTTCCGAATCTACCCTAACCATCCTAGCAGTTTTAGAGCAGCCCCATTTGGACAATTGGCTGGGTTTTTGTTAGTTGTGACAGTTTCTGCTATTTCTTAATCAGGTGGCCTTGGACTCCGACGATGCACTCTTTGGTGGATTCAGCAGGCTTGATCATGATGTCGACTACTTCACAACCGTAAGTCTGGGCTCAAGCGTCACTTGACTCGTCTTGACTCAACTGCTTACAAATCTGAATCAACTTCCCAATTGCTGATGCCCTTGCAGGAACATCCGCATGACAACAGGCCGCGCTCTTTCTCGGTGTACACTCCGAGCAGAACTGCGGTCGTGTATGCCCTTACAGAGTAAGAACCAGCAGCGGCTTGTTACAAGGCAAAGAGAGAACTCCAGAGAGCTCGTGGATCGTGAGCGAAGCGACGGGCAACGGCGCGAGGCTGCTCCAAGCGCCATGACTGGGAGGGGATCGTGCCTCTTCCCCAGATGCCAGGAGGAGCAGATGGATAGGTAGCTTGTTGGTGAGCGCTCGAAAGAAAATGGACGGGCCTGGGTGTTTGTTGTGCTGCACTGAACCCTCCTCCTATCTTGCACATTCCCGGTTGTTTTTGTACATATAACTAATAATTGCCCGTGCGCTTCAACATGAACATATAAATATTCTAATAGGTTATCCCGTGATTTACCTGCCTATATTTTAGTACTCCCTCGAACCGGAATTAATTGACGCAACCTCTATACATCATTGTATAGAGGTTGTATAGTAGCTGCGTCAATTAATCTGGATAGGGAGTAACTTTATTTGGTAAGCAATTATTTGCTTACCAACTCGTTACCCCATTCGAGCGAGAGGTGAACGCATGCCTTCAAACAAAGCGCCTCCTGGGAAGGTAAATTGTGCCACGGTGTGATGGTTACCCATCCCCACCGTGGCCGCGAT</charSequence>\r\n</XMLSerialisableRootElement>',1),(33,6,'2022-07-12 14:24:04','urn:local:gonzaleo:29-f1tlo8a','<document class=\"com.biomatters.geneious.publicapi.implementations.sequence.DefaultNucleotideSequence\" version=\"1.3-11\" revisionNumber=\"2\" geneiousVersion=\"2022.1.1\" geneiousVersionMinimum=\"7.1\" PluginDocument_FormatLastChanged=\"7.1\" PluginDocument_FormatLastExtended=\"8.1\" PluginDocument_OldestVersionSerializableTo=\"6.0\">\r\n  <hiddenFields>\r\n    <descendant_operation_record_documents type=\"list\">\r\n      <descendant_operation_record_documents type=\"int\">0</descendant_operation_record_documents>\r\n      <descendant_operation_record_documents type=\"int\">1</descendant_operation_record_documents>\r\n    </descendant_operation_record_documents>\r\n    <cache_plugin_document_urn></cache_plugin_document_urn>\r\n    <cache_urn type=\"urn\">urn:local:gonzaleo:29-f1tlo8a</cache_urn>\r\n    <nucleotideSequenceWithQualityCount type=\"int\">0</nucleotideSequenceWithQualityCount>\r\n    <override_organism>T. aestivum</override_organism>\r\n    <description>Genomic DNA</description>\r\n    <cache_name>SBEIIa-2B</cache_name>\r\n    <weak_referenced_documents type=\"list\">\r\n      <weak_referenced_documents type=\"int\">0</weak_referenced_documents>\r\n      <weak_referenced_documents type=\"int\">1</weak_referenced_documents>\r\n    </weak_referenced_documents>\r\n    <cache_created type=\"date\">1598354062737</cache_created>\r\n    <referenced_documents type=\"list\">\r\n      <referenced_documents>urn:local:gonzaleo:26-f1tlo8a@0</referenced_documents>\r\n      <referenced_documents>urn:local:gonzaleo:23-f1tlo8a@0</referenced_documents>\r\n    </referenced_documents>\r\n    <trimmedSequencesCount type=\"int\">0</trimmedSequencesCount>\r\n  </hiddenFields>\r\n  <fields>\r\n    <document_size type=\"bytes\">11287</document_size>\r\n    <molType>DNA</molType>\r\n    <sequence_length type=\"int\">11026</sequence_length>\r\n    <topology>linear</topology>\r\n    <sequence_residues>TAACGGCATGGCCAGCTAAACGCGCTCCCAGCCGTTGGTTTGCGATCCCGTCCTCCCTCCCGTCCCCTACGCAACGTCGCCTCCACCGTCCATCCGTCGCTGCCACCTCTGTGCGCGCGCACGAGGGAGGAAGACGACGCAGCACACACACTCTCCCCGTGGGTCCCCTTTCCGGCTTGGCGTCTATCTCCTCTCCCCCCCATCCCCATGCACTGCACAGTACCCGCCAGCTTCCACCCCCGCCGCACACGTTGCTCCCCCTTCTCATCGCTTCTCAATTAATATCTCCATCACTCGGGTTCCGCGCTGCATTTCGGCCGGCGGGTTGAGTGAGATCTGGGCCACTGACCGACTCACTCGCTGCGCGGGGATGGCGACGTTCGCGGTGTCCGGCGCGACCCTCGGTGTGGCGCGGCCCGCCAGCGCCGGCGGCGGACTGCTGCGATCCGGCTCGGAGCGGAGGGGCGGGGTGGACTTGCCGTCGCTGCTCCTCAGGAAGA</sequence_residues>\r\n    <gcPercent decimalPlacesDisplayed=\"1\" type=\"percent\">40.80625640070757</gcPercent>\r\n    <modified_date type=\"date\">1598354062737</modified_date>\r\n  </fields>\r\n</document>','<XMLSerialisableRootElement cachedCountGC=\"4383\" cachedCountAT=\"6358\" charSequenceValidated=\"true\">\r\n  <created type=\"date\">1598354062737</created>\r\n  <name>SBEIIa-2B</name>\r\n  <description>Genomic DNA</description>\r\n  <charSequence>TAACGGCATGGCCAGCTAAACGCGCTCCCAGCCGTTGGTTTGCGATCCCGTCCTCCCTCCCGTCCCCTACGCAACGTCGCCTCCACCGTCCATCCGTCGCTGCCACCTCTGTGCGCGCGCACGAGGGAGGAAGACGACGCAGCACACACACTCTCCCCGTGGGTCCCCTTTCCGGCTTGGCGTCTATCTCCTCTCCCCCCCATCCCCATGCACTGCACAGTACCCGCCAGCTTCCACCCCCGCCGCACACGTTGCTCCCCCTTCTCATCGCTTCTCAATTAATATCTCCATCACTCGGGTTCCGCGCTGCATTTCGGCCGGCGGGTTGAGTGAGATCTGGGCCACTGACCGACTCACTCGCTGCGCGGGGATGGCGACGTTCGCGGTGTCCGGCGCGACCCTCGGTGTGGCGCGGCCCGCCAGCGCCGGCGGCGGACTGCTGCGATCCGGCTCGGAGCGGAGGGGCGGGGTGGACTTGCCGTCGCTGCTCCTCAGGAAGAAGGACTCCTCTCGTACGCCTCGCTCCCTCCAATCTCCCCGTCTGTTTTTGGGCCCCCTTCTCTCTCCCTCGCCTCTCTGCGCGCGCATGGCCTGTTCGATGCTGTTCCCCAGTTGATCTCCATGAACGAGAGAGATAGCTGGATTAGGCGATCGCCTCAGGCCCTGGTGTTACCACGGCTTTGATCATCTCCTCCTTTCATGCTGATATTTTCTCACTCTTTCTTCTGTTCTTGCTGTAACTGCAAGTTGTAGCATTTTTTTGGCGAATAAGTTGTAGCATTGTCTCACTATTGTACTCATCCTTGCATTTGCAGGCGCCGTCCTGAGCCGCGCGGCCTCTCCAGGGAAGGTCCTGGTGCCTGACGGTGAGAGCGACGACTTGGCGGCCACTCCAGCGCAACCCGAAGAATTACAGGTACACACCGTCGTGCCGGAAAATCTTCATGCACCCGTTATTCACTTACCAAATATCGGATGAACCAAGCCGCGGAGGCATCAGGTTTCAAGCTTCTTCTATCAGCATTGTGCACTACTTCACTGCCTTGTGCAGTTTGTTAGCTGTGGCCCCGCGCTGGCTCTTGGGCCACTGAAAACTCAGATGGATGTGCATTCTAGCAAGAACTTCACAAAATAATGCACTGTTTGTGGTTTCGTTAGTCTGCTCTACAATTGCTATTTTTCGTGTGCTGTAGATACCTGAAGATATCGAGGAGCAAACGGCTGAAGTGAACATGACAGGGGGGACTGCAGAGAAACTTCAATATTCAGAACCGACTCAGGGCATTGTGGAAACAATCACTGATGGTGTAACCAAAGGAGTTAAGGAACTAGTCGTGGGGGAGAAACCGCGAGTTGTCCCAAAACCAGGAGATGGGCAGAAAATATACGAGATTGACCCAACGCTGAAAGATTTTCGGAGCCATCTTGACTACCGGTAATGCCTACCCGCTAATTTCGCTCATTTTGAATTAAGGTCCTTTCATCATGCAAATTTGGGGAACATCAAAGAGGCAAAGACTAGGGACCACTGTTTCATACAGTTCCCCTCATGGTCTGAGAATATGCTGGGAAGTATATGTATAATTGCTGGCTACAATTGGCTCATAATTGCAATACAAATAACTGTCTCCGATCATTACAATTACAGAGTGGCAAACTGATGAAAATGTGGTGGATGGGTTATGGATTTTACTTTGCTAATTCCTCTACCAAATTCCTGGGGAAAAAATCTACCAGTTGGGCAACTTAGTTTCTTATCTTTGTTGCCTTTTTGTTTTGGGGAAAACACACTGCTAAATTTGAATGATTTTGGGTATGCCTTGGTGGATTCAACAGATACAGCGAATACAAGAGAATTCGTGCTGCTATTGACCAACATGAAGGTGGATTGGAAGCATTTTCTCGTGGTTATGAAAAGCTTGGATTTACCCGCAGGTAAATTTAAAGCTTTACTATGAAACGCCTCCACTAGTCTAATTGCATATCTTGTAAGAAAATTTATAATTCCTGTTTTCCCCTCTCTTTTTTCCAGTGCTGAAGGTATCATCTAATTGCTTATCTTATAAGAAAATTTATAATTCCTGTTTCCCCCCCTCTTTTTCCAGTGCTGAAGGTATCACTTACCGAGAATGGGCTCCTGGAGCGCATGTACGTCTTAACAGACACCTTCTAATCTATTGTTAATGGTCACTATTCACCAACTAGCTTACTGAACTTACAAAATAGCTTACTGAATACTGACCAGTTACTCTAAATTTATGATCTGGCTTTTGCATCCTGTTACAGTCTGCAGCATTAGTAGGTGACTTCAACAATTGGAATCCAAATGCAGATACTATGACCAGAGTATGTCTACAGCTTGGCAATCTTCCACCTTTGCTTCGTAACTACTGATACATCTATTTGTATTTATTTAACTGTTTGCACGTTCGTTAAAGTTGAGCCTCAACTATATCATACCAAAATGGTATAATTTGTCAGTGTCTTAAGCTTCAGCCTAAAGATCCTACTGAATTTAGTCCATCCTTTTGAGATTGAAAATGAGTATATTAAGGGTGATTGAATACTTGCAACACTCCCATTTTTTGGTAGAACCTTTTGCATTATGTGTGCTTTTCCATCCACAATGAGCATATTTCCATGTTATCAGTGAAGGTTTGCTCCTATTGATGCCGATATTTGATATGATCTTTCGATCTTTTCAGGATGATTATGGTGTTTGGGAGATCTTCCTCCCTAACAATGCTGATGGATCCCCAGCTATTCCTCATGGCTCACGTGTAAAGGTAATCTGGCCAATTATTTAGTCGAGGATGTAACATTTTCGAACTCTGCCTACTAAGGGTCCCTTTTCCTCTCTATTTTCTAGATACGGATGGATACTCCATCTGGTGTGAAGGATTCGATTTCTGCTTGGATCAAGTTCTCTGTGCAGGCTCCAGGTGAAATACCATTCAATGGCATATATTATGATCCACCTGAAGAGGTAAGTATCAATCTATGTTACATTATTAAATGGAATTTCCAGTGTTACAGTTTTTTGATACCCACTTCATGTCTCACTGACATGTGAGTCAAGACAATACTTTCGAATTTGGAAGTGACATATGCATTAATTCACCTTCTAAGGGCTAAGGGGCAACCAACCATGGTGATGTGTGTATGCTTGTGTGACTTAAGATCTTATAGCTCTTTTATATGTTCTCTGTTGGTTAGGACATTCCATTTTGACCTTTTGTGACCATTTACTAAGGATATTTTACATGCAAATGCAGGAGAAGTATGTCTTCCAACATCCTCAACCTAAACGACCAGAGTCACTAAGGATTTATGAATCACACATTGGAATGAGCAGCCCGGTATGTCAATAAGTTATTTCACCTGTTTCCGGTCTGATGGTTTATTCTATGGATTTTCTAGTTCTGTTATGTACTGTTAACATACCACACGGTGCATTCACGTGACAACCTCGATTTTATTTTCTAATGTCTTCATATTGGAAAATGCACAACTTTGCTTCCTCTTTGTCTGATCGTTTTTTTGTCTCTAAGATTTCCATTGCATTTCGAGGTAGCGGGCATGTGAAAGTCGAATCTGAATATTTTTTGTCAGAGCACAGTTATATTAAATGCCATTGTTGTTGCAATAGCTTGGTATAATGTAGCCATGTTACTAGCTTAAGAAATATCGCATTGGAGCATCTCCAGCAAGCCATTTCCTNNNNNNNNNNNNNNNNNNNNNNNNNNNNNNNNNNNNNNNNNNNNNNNNNNNNNNNNNNNNNNNNNNNNNNNNNNNNNNNNNNNNNNNNNNNNNNNNNNNNNNNNNNNNNNNNNNNNNNNNNNNNNNNNNNNNNNNNNNNNNNNNNNNNNNNNNNNNNNNNNNNNNNNNNNNNNNNNNNNNNNNNNNNNNNNNNNNNNNNNNNNNNNNNNNNNNNNNNNNNNNNNNNNNNNNNNNNNNNNNNNNNNNNNNNNNNNNNNNNNNNNNNNNNNNNNNNNNNNNNNNNNNCTGCGAGCGATTCAAAACTTCCACTGTTCTGAGGTGTACGTACTGTAGGGATCTCCCATTATGAAGAGGACATAGTTAACTTTTTGTAACCTACTTGGAAACTTGAGTCTTGATGCATCGCTACTATATACTATCATCACAATACTTAGAGGATGCATCTGAATATTTTAGCGTGATCTTGCACAGGAACCGAAGATAAATTCATATGCTAATTTTAGGGATGAGGTGCTGCCAAGAATTAAAAGGCTTGGATACAATGCAGTGCAGATAATGGCAATCCAGGAGCATTCATACTATGCAAGCTTTGGGTATTCATACAGTCCATCTTTTTCTGTTTTTTTTTTCTGTATGTGCCTCTTCACCCATTTCGAGCCATTACATCCTAATGCTTCGTGCACATAAAATACTTGGATATAATTCTTTATTAGACATATAGTACAACACCACTTAGTATTTCTGACTTGTATGATCATTTTATTGTTGTTGGCTTGTTACAGGTACCATGTTACTAATTTTTTTGCACCAAGTAGCCGTTTTGGAACTCCAGAGGACTTAAAATCCTTGATCGATAGAGCACATGAGCTTGGTTTGCTTGTTCTTATGGATATTGTTCATAGGTAATCAGTCCAATTTAATTTTAGTTGCTTTACTGTTTATCTGGTATTGTAAATGGCAGGGCCCTATCGTCGAATATTTTTCCAATCTATATAATTGTGCTACATGACTTATTTTTTCTCAGATGTATTAAACCAGTTGGATATTAAATGTATTTGGTACATCTAGTAAACTGACAGTTTCATAGAATTGTGTTGTAATGGCAACACAATTTGATGGCATAGATGTGGACTGAGAAGTTCAGATGCTATCAGTAATTAATTAACTGGCCATGTACTCGTGGAACTACATAGAGTTTGCAAGTTGGAAAACTGACAGCAATACCTCACTGATAAGTGTCCAGGCCACACTTGCCAGCTTCATATTAGATGTTACTTCCCTGTTGAACTCCTTTGAACATATCACTTAAAGTTCTTCAATTGTCCTAAGTCAAACTTCTTTGACTTTGGCCAAGTCTATTGAAAAATATGTCAACATCTACAGCACCAAATTAGTTTCATAATTTTTATTTTGTTATATTAGCACGTTTTTTATGCTGTAGATATCAGCACATTTTTCTATAGACTTGGTCAAATATAGAGAAGTTTGACTTAGGACAAATCAGAACTTCAAGCAATTTGGATCAGAGGGAATAGTCCATACTGCTTGATTATATTTTCCCAAAGGAGGGAGTGAGGAGCTTGACTTCGGTATCATCAAATGATATTGATAGATGTCAACATTTTAACAAAAAATCAGACCTTGTCACCAAATATGCATCAGACCATCTGTTTGCTTAGGCACTTGCTTTCATATTTATGTGTTTGTAACTAATCTACTTTTCCTTCTACTTGGTTTGATTGATTCTATTTCAGTTGCATTGCTTCATCAATGATTTTGTGTACCCTGCAGTCATTCGTCAAATAATACCCTTGACGGTTTGAATGGTTTCGATGGCACTGATACACATTACTTCCACGGTGGTCCACGTGGCCATCATTGGATGTGGGATTCTCGTCTGTTCAACTATGGGAGTTGGGAAGTATGTAGCTGCGACTTCTGTCACCATGTTTGGCTAACTGTTCCTGCCAATCTGTTCTTACACGTGTCAATATTCTATTCTTATACAGGTATTAAGATTCTTACTGTCAAACGCGAGATGGTGGCTTGAAGAATATAAGTTTGATGGATTTCGATTTGATGGGGTGACCTCCATGATGTATACTCACCATGGATTACAAGTAAGTCATCAAGTGGTTTCAGTAACTTCTTCAGGGCACTGAAACAATTGCTATGCATCATAACATGTATCATGATCAGTACTTATGCTACGGAGTCTTAGATAGTTCCCTAGTATGCTTGTACAATTTTACCTGATGAGATCATGGAAGATTGGAAGTGATTGTTATTATTTTTCCTTCTAAGTTTGCTTCTTGTTCTAGATGACATTTACTGGGAACTATGGCGAGTATTTTGGATTTGCCACTGATGTTGATGCGGTGGTATACTTAATGCTGGTCAACGATCTAATTCATGGACTTTATCCTGATGCTGTATCCATTGGTGAAGATGTAAGTGCTTACAGTATTTATGTTTTTTAACCAGTTAATTTAATAGTATTTTATTTTGGGGATCAAGCTGTTACTACTCTTTTTGTTAGGGTAAAATCTGTCTTTTCATAAGAATGCTAATTTATACTCCCTCCGTCTGGAAATACTTGTCGGAGGAATGAATGTATCTAGACGTATTTTAGTTCTAGATACATCCATTTTTATGCATTTCTCCGTCAAGTATTTCCGGACGGAGGGAGTACCTTGTATGGTAATGCATCACATAGGTAATTTGAGAAGTGCAAGGGCATTCAAGCTGACAAGCATATTTGTTGATGGCTGTAATTTATTTGATAGTATGCTTGTTTGGATTTTTCAGTAAGTGTGAGTGTGTGAGTAATGTTATATTATTTATTTACTTGCGGAAGAAATGGGCAACCTTGTCAATTGCTTCAGAAGACTAACTTAGATTCCATAAATGCTGTGGAAATGAGAGGCTATTCCCAAGGACACGAAATTATACGTCAGTGTGTTACGCACATGTATTTGTAAGAGCAAGAGCAACATGGTTTAACTTAAATTCCTGCACTGCTATGGAATCTCACTGTATGTTGTTAGTGTACGCATCCACAAACAAGTAATCCTGAGCTTTCAACTCACGAGAAAATAGGAGGCTCCACTTCTGCCAGCATTAGCTGTTCACAGTTCTAATTTGTGTAACTCTGAAATTGTTCAGGTCAGTGGAATGCCTACATTTTGCATCCCTGTTCCAGATGGTGGTGTTGGTTTTGACTATCGCCTGCATATGGCTGTAGCAGATAAATGGATCGAACTCCTCAAGTAAGTGCAGGAATATTGGTGATTACATGCGCACAATGATCTACTCCCTCTGTCCCATAATGTAAGATGTTTTTTGACACTAGTGTAGTGTCAAAAAACGTCCTATATTATGGGAAGGAGGGAGTAGTTCACAATTTCTAAATTGTAAAAAGAAAAATATGTATGTGAATAGCTAGACATTTCCCTGGTATCAGCTTCAACACAAGAAGATTTATCAAATACATGATTTAAATAGCAAATTTCGGAAATGTAATGGCTAGTGTCTTTATGCTGGATATTGTACATGGCGCTGTAGCAGGTGAGTCAATAAAGCTAGCGATATTTTCAGAAACAAAATAATCATTTATATCTGTATATGGGGAAAGTGGGGGTATAGATGGTGGTCATTAATCGTGTTCACTTTTTGTCCTGTATAAGCACAGGCAGTAGGTAATAAATTTAGCCAGATAAAATAAATCGTTATTAGGTTTACAAAAGGAATACAGAGGGTCATGTAGCATATCTAGTTGTAGTTATTGTAAAGGCTGACAAGAGGTTCAGTAAAAAAAACTTTATGTTGATCCCGGGTATGCAAGAACGCGAGTAAAGCTCAAACATTTATAGTGGTTGCTGTTGCTTGCTGTATACTTGTATCTGCGCATATATGAAATTACTACTACACAGCTGCCAATCTGCCATGATCTGTGTTTTGCTTTGTGCTATTTAAATTTTAAATGCTAACTCAATAAATGGCAATAATAAACTAACTATTCAACCAATTTGATGGATATCAGAGATTTCTTCCCTCCTTTAGTAACATTGTGCTCCTGCTGCTGTTCTCTACCGTTACAAAAGCTGTTTTTCCATTTTTCGCATCATTATTTTTGTGTGTGAGTAATTTAAGCATGTCCTTTGAAGCTGTGAGCTGTTGGTACTTAGTACATTCTTGGTAGTGTCCAAATATGCTGCAGTCTAATTTAGCATTTCTATAACACAGGCAAAGTGACGAATCTTGGAAAATGGGCGATATTGTGCACACCCTAACAAATAGAAGGTGGCTTGAGAAGTGCGTCACTTATGCAGAAAGTCATGATCAAGCACTAGTTGGTGACAAGACTATTGCATTCTGGTTGATGGATAAGGTACTAGCTGTTACTTTTGGATCAAAAGAATCACATAAGATTTGTCTCATCAGATTGCTCATGTTTTCTTGTGATAAAGATTTGGCCCCCTCACCCATCACCAGCTATTTCCCAACTGTCACTTGAGCAAAACGTGCCATGTGGCACTGTGGTGGCTTGTGAACTTTGACAGTTAATGTTGCAAATTTCTGTTCTTATTTATTTGATTCTTATGTTATCGTTCATTTATTCCTCAAAAAATGTTATCGTTCATTTGCTCATTCCTTTCCGAGACCAGCCGAAGTCACGTGTAGCCATGTGATCTGCCATCTGAATCTTGAGCAAATTTTATGAAGAGGCTAAAGTCGAACGGATTATTTGCTTGAATTTATAAATATACAGACGTATAATCACCTGGTGCTTTCTGAAATGATTACCATAGTGCCTGAAGGCTGAAATAGTTTTGGCGTTTCCTGGACGACGCCCAAAGGAGTGAATTTTATTGGGTAGATTTCTGGCTGAGCCCTGGTTACAACATACATTTTGGAGATATGCTTAATAACAAATCTGGGTGTTTGGTCACGAGTCTGCATCTACATGCTCCTTGGGTTTTATTATGGCGTCATCTTTGTAACTAGTGGCACCCCTAAGGAAACATTCAAAAGGAAACTGTTACATCATTCTAGTCAGGACCACCGTACTAAGAGCAAAATTCTGTTCCAATTTTATGAGTTTTTGAGACTCCAAAATGAACATAAGTGTCTCATATTTTGCTAATTAACTACAGATGTTTTTATATCACTTTAGTTTTTATTTCAGGACAGTTGATACTTGGTACTGTGCTGTAAGCATTGATCCGACACAGAACAGCATGAACATTTCGAGCTCTCTTTGTGCAGGATATGTATGATTTCATGGCTCTGGATAGACCTTCAACTCCTCGCATTGATCGTGGCATAGCATTACATAAAATGATCAGGCTTGTCACCATGGGTTTAGGTGGCGAAGGCTATCTTAACTTCATGGGAAATGAGTTTGGGCATCCTGGTCAGTCTTTACAACATTATTGCATTCTGCATGGTTGTGATTTACTGTAATTTGAACCATGCTTTGTTTTCACATTGTATGTATTATGTAATCTGTTGCTTCCAAGGAGGAAGTTAACTTCTATTTACTTGGCAGAATGGATAGATTTTCCAAGAGGTCCGCAAACTCTTCCAACCGGCAAAGTTCTCCCTGGAAATAACAATAGTTATGATAAATGCCGCCGTAGATTTGATCTTGTAAGTTTTAGCTGTGCTCTTACGTTCCCTCACTAGATCTTTATTGGCTATTTATTTCTTGATGAAATCATAATGTTTGTTGATCAACATTGCTTTTGTAGTTTTGTAGACGTTAACATAAATATGTGTTAAGAGTTATTGATCATTAAGAATATCATGATTTTTTTTGTAGGGAGATGCAGATTTTCTTAGATATCGTGGTATGCAAGAGTTCGACCAGGCAATGCAGCATCTTGAGGAAAAATATGGGGTATGTCAGTATGTCACTGGTTTGTCTTTGTTGCATAGCAAGTCACAGTTTAACGCCAGTCTCTTCAAATGGTCAAAAAGTGTAGAATTAATTCCTGTAATGAGATGAAAACTGCGCAAAGGCGGGAGCTGGAATTGCTTTTCACCAATTAAAACTATTTTCTTAAGCGATTGTGTATTGATACCTATACCAACACTGACAATGTAACTGCAGTTTATGACATCTGAGCACCAGTATGTTTCACGGAAACATGAGGAAGATAAGGTGATCATCTTCGAAAGAGGAGATTTGGTATTTGTTTTCAACTTCCACTGGAGCAATAGCTTTTTTGACTACCGTGTTGGGTGTTCCAAGCCTGGGAAGTACAAGGTATGCTTGCCTTTTCATTGCCCACCCTTCACCAGTAGGGTTAGTGGGGGCTTCTACAACTTTTAATTCCACATGTAGAGTTTGTTGTTCGTGCAGCTATCAATATAAAGAATAGGATAATTTGTAAAGAAAAGAATTTGTTGCTCGAGATGTTGTAGTCATATAACATCCCCGAAGCACATCTACTATTCATTCATATTATCTACTTAAGGGTTTGTTACAATCTTTGTACTCAGTTGGACTCACTCTAATACTGGAACTATTTACCGAATCTACCCTAATCATCCTAGCAGTTTTAGAGCAGCCCCATTTGGACAGTCCACTGGGTTTAGTTGGTTTGTGACAGTTTCTGCTATTTCTTAATCAGGTGGCCTTAGACTCCGACGATGCACTCTTTGGTGGATTCAGCAGGCTTGATCATGATGTCGACTACTTCACAACCGTAAGTCTGGGCTCAAGCGTCACTTGACTCGTCTAGACTCAACTGCTTACAAATCTGAATCAACCTCCCATTTGCTGATGCCCTTGCAGGAACATCCGCATGACAATAGGCCGCGCTCTTTCTTGGTGTACACTCCTAGCAGAACTGCGGTCGTGTATGCCCTTACAGAGTAAGAACCAGCAGCGGCTTGTTACAAGGCAAAGAGAGAACTCCAGGGAGCTCGTGGATTGTGAGCGAAGCGACGGGCAACTGCGTGAGGCTGCTCTAAGCGCCATGACTGGGAGGGGATCGTGCCTCTTCCCCTGATGCCAGGAGGATCAGATGGATAGGTAGCTTGTTGGTGAGCGCTCGAAAGAAAATGGACGGGCCTGGGTGTTTGTCGTGCTGCACTTAACCCTCCTCCTATGTTGCACATTCCCGGGTGTTTTTGTACATATAACTAATAATTGCCCGTGCGCTTCAACATGAACATATAAATATTCTATATAATAGGTTATCCCGTGATTTACCTGCCGATATTTTAGTACTCCCTCGAACTGGAATTAATTGAGCAGCCTCTATACATCATTGTATAGAGGTTCTATAGTAGCTGC</charSequence>\r\n</XMLSerialisableRootElement>',1),(34,6,'2022-07-12 14:24:04','urn:local:gonzaleo:2a-f1tlo8a','<document class=\"com.biomatters.geneious.publicapi.implementations.sequence.DefaultNucleotideSequence\" version=\"1.3-11\" revisionNumber=\"2\" geneiousVersion=\"2022.1.1\" geneiousVersionMinimum=\"7.1\" PluginDocument_FormatLastChanged=\"7.1\" PluginDocument_FormatLastExtended=\"8.1\" PluginDocument_OldestVersionSerializableTo=\"6.0\">\r\n  <hiddenFields>\r\n    <descendant_operation_record_documents type=\"list\">\r\n      <descendant_operation_record_documents type=\"int\">0</descendant_operation_record_documents>\r\n      <descendant_operation_record_documents type=\"int\">1</descendant_operation_record_documents>\r\n    </descendant_operation_record_documents>\r\n    <cache_plugin_document_urn></cache_plugin_document_urn>\r\n    <cache_urn type=\"urn\">urn:local:gonzaleo:2a-f1tlo8a</cache_urn>\r\n    <nucleotideSequenceWithQualityCount type=\"int\">0</nucleotideSequenceWithQualityCount>\r\n    <override_organism>T. aestivum</override_organism>\r\n    <description>Genomic DNA</description>\r\n    <cache_name>SBEIIa-2A</cache_name>\r\n    <weak_referenced_documents type=\"list\">\r\n      <weak_referenced_documents type=\"int\">0</weak_referenced_documents>\r\n      <weak_referenced_documents type=\"int\">1</weak_referenced_documents>\r\n    </weak_referenced_documents>\r\n    <cache_created type=\"date\">1598353962841</cache_created>\r\n    <referenced_documents type=\"list\">\r\n      <referenced_documents>urn:local:gonzaleo:26-f1tlo8a@0</referenced_documents>\r\n      <referenced_documents>urn:local:gonzaleo:23-f1tlo8a@0</referenced_documents>\r\n    </referenced_documents>\r\n    <trimmedSequencesCount type=\"int\">0</trimmedSequencesCount>\r\n  </hiddenFields>\r\n  <fields>\r\n    <document_size type=\"bytes\">10843</document_size>\r\n    <molType>DNA</molType>\r\n    <sequence_length type=\"int\">10582</sequence_length>\r\n    <topology>linear</topology>\r\n    <sequence_residues>AGCTAAAGGCGCTCCCAGCCGTTGGTTTGCGATCCCGTCCTCCCTCCCCTACGCAACGTCGCCTCCACCGTCCGTCCGTCGCTGCCACCTCTGCGCGCGCGCACGAGGGAGGAAGACGACGCCGCGCACGCACTCACTCACACACACTCCCCGTGGGGCCCCTTTCCGGCTTGGCGTCTATCTCCTCTCCCCCGCCCATCCCCATGCACTGCACCGTCCCCGCCAGCTTCCACCCCCGCCGCACACGTTGCTCCCCCTTCTCATCGCTTCTCAATTAATATCTCCATCACTCGGGTTCCGCGCTGCATTTCGGCCGGCGGGTTGAGTGAGATCTGGGCCACTGACCGACTCACTCGCTCGCTGCGCGGGGATGGCGACGTTTGCGGTGTCCGGCGCGACCCTCGGTGTGGCGCGGCCCGCCGGCGCCGGCGGCGGACTGCTGCCGCGATCCGGCTCGGAGCGGAGGGGCGGGGTGGACCTGCCGTCGCTGCTCCTCAGGA</sequence_residues>\r\n    <gcPercent decimalPlacesDisplayed=\"1\" type=\"percent\">41.18314118314118</gcPercent>\r\n    <modified_date type=\"date\">1598353962841</modified_date>\r\n  </fields>\r\n</document>','<XMLSerialisableRootElement cachedCountGC=\"4358\" cachedCountAT=\"6224\" charSequenceValidated=\"true\">\r\n  <created type=\"date\">1598353962841</created>\r\n  <name>SBEIIa-2A</name>\r\n  <description>Genomic DNA</description>\r\n  <charSequence>AGCTAAAGGCGCTCCCAGCCGTTGGTTTGCGATCCCGTCCTCCCTCCCCTACGCAACGTCGCCTCCACCGTCCGTCCGTCGCTGCCACCTCTGCGCGCGCGCACGAGGGAGGAAGACGACGCCGCGCACGCACTCACTCACACACACTCCCCGTGGGGCCCCTTTCCGGCTTGGCGTCTATCTCCTCTCCCCCGCCCATCCCCATGCACTGCACCGTCCCCGCCAGCTTCCACCCCCGCCGCACACGTTGCTCCCCCTTCTCATCGCTTCTCAATTAATATCTCCATCACTCGGGTTCCGCGCTGCATTTCGGCCGGCGGGTTGAGTGAGATCTGGGCCACTGACCGACTCACTCGCTCGCTGCGCGGGGATGGCGACGTTTGCGGTGTCCGGCGCGACCCTCGGTGTGGCGCGGCCCGCCGGCGCCGGCGGCGGACTGCTGCCGCGATCCGGCTCGGAGCGGAGGGGCGGGGTGGACCTGCCGTCGCTGCTCCTCAGGAAGAAGGACTCCTCTCGTACGCCTCGCTCGCTCGCTCCAATCTCCCCGTCCATTTTTGCCCCCCTTCTCTCTCCCTATCTGCGCGCGCATGGCCTGTTCGATGCTGTTCCCCAGTTGATCTCCATCAACGAGAGAGATAGCTGGATTAGGCGATCGCCTGCGTCAGTGTCACCCAGGCCCTGGTGTTATCACGGCTTTGATCATCTCCTCCCATTCTGATATTTTCTCACTCTTTCTTCTGTTCTTGCTGTAACTGCAAGTTGTAGCATTGTCTCACTATTGTAGTCATCCTTGCATTGCAGGCGCCGTCCTGAGCCGCGCGGCCTCTCCAGGGAAGGTCCTGGTGCCTGACGGTGAGAGCGACGACTTGGCAAGTCCGGCGCAACCTGAAGAATTACAGGTACACACCATCGTGCCGGGAAATCTTCATACAATCGTTATTCACTTACCAAATGCCGGATGAAACCAAGCCGCGGAGGCGTCAGGTTTTGAGCTTCTTCTATCAGCATTGTGCAGTACTGCACTGCCTTGTGCATTTTGTTAGCCGTGGCCCCGTGCTGGCTCTTGGGCCACTGAAAACTCAGATGGATGTGCATTCTAGCAAGAACTTCACGAAATAATGCACTGTTTGTGGTTTCGTTAGTCTGCTCTACAATTGCTATTTTCGTGCTGTAGATACCTGAAGACATCGAGGAGCAAACGGCTGAAGTAAACATGACAGGGGGGACTGCAGAAAAACTTGAATCTTCAGAACCGACTCAAGGCATTGTGGAAACAATCACTGATGGTGTAACCAAAGGAGTTAAGGAACTAGTCGTGGGGGAGAAACCGCGAGTTGTCCCAAAACCAGGAGATGGGCAGAAAATATACGAGATTGACCCAACGCTGAAAGATTTTCGGAGCCATCTTGACTACCGCGGTAATGCCTACCCGCTACTTTCGCTCATTTTGAATTAAGGTCCTTTCGTCATGCAAATTTGGGGAACATCAAAGAGACAAAGACTAGGGACCACTATTTCTTACAGTTCCCCTCATGGTCTGAGAATATGCTGGGACGTAGATGTATAATTGATGGCTACAATTTGCTCATAATTACGATACAAATAACTGTCTCTGATCATTGCAATTACAGAGTGGCAAACTGATTAAAATGTGATAGATGGGTTATAGATTTTACTTTGCTAATTCCTCTACCAAATTCCTGGGGAAAAAAATCTACCAGTTGGGCAACTTAGTTTCTTATCTTTGTTGCCTCTTTGTTTTGGGGAAAACACACTGCTAAATTTGAATGATTTTGGGTATGCCTCCGTGGATTCAACAGATACAGCGAATACAGGAGAATTCGTGCTGCTATTGACCAACATGAAGGTGGATTGGAAGCATTTTCTCGTGGTTATGAAAAGCTTGGATTTACCCGCAGGTAAATTTAAAGCTTCAGTATTATGAAGCGCCTCCACTAGTCTACTTGCATATCTTACAAGAAAATTTATAATTCCTGTTTTCGCCTCTCTTTTTTCCAGTGCTGAAGGTATTGTCTAGTTGCATATCTTATAAGAAAATTTATGTTCCTGTTTTCCCCTATTTTCCAGTGCTGAAGGTATCACTTACCGAGAATGGGCTCCTGGAGCGCATGTACGTCTTTTAAGTCTTAACAGACACCTTCCAATTCATTGTTAATGGTCACACTATTCACCAACTAGCTTACTGGACTTACAACTTAGCTTACTGAATACTGACCAGTTGCTCTAAATTTATGATCTGGCTTTTGCATCCTATTACAGTCTGCAGCATTAGTAGGTGACTTCAACAATTGGAATCCGAATGCAGATACTATGACCAGAGTATGTCTACAGCTTGGCAATCTTCCACCTTTGCTTCATAACTACTGATACATCTATTTGTATTTATTTTGCTGTTTGCACATTCCTTAAAGTTGAGCCTCAACTATATCATATCAAAATGGTATAATTTGTCAGTGTCTTAAGCTTCAGCCTAAAGATTCTACTGAAATTGGTCCATCTTTTTGAGATTGAAAATGAGTATATTAAGGATGGATGAATAGGTGCAACACTCCCATTCTTTGGTAGAACCTTCTGCATTATGTGTGTTTTTTCATCTACAATGAGCATATTTCCATGCTATCAGTGAAGGTTTGCTCCTATTGATGCCGATATTTGATATGATCTTTTCAGGATGATTATGGTGTTTGGGAGATTTTCCTCCCTAACAATGCTGATGGATCCCCAGCTATTCCTCATGGCTCACGTGTAAAGGTAAGCTGGCCAATTATTTAGTTGAGCATGTAGCATTTTCGAACTCTGCCCACTAAGGGTCCCTTTGCCTTTCTGTTTTCTAGATACGGATGGATACTCCATCTGGTGTGAAGGATTCAATTTCTGCTTGGATCAAGTTCTCTGTGCAGGCTCCAGGTGAAATACCATTCAATGGCATATATTATGATCCACCTGAAGAGGTAAGTATCGATCTCCATTACATTATTAAATGAAATTTCCAGTGTTACGGTTTTTTAATACCCATTTCGTGTCTCACTGACATGTGAGTCAAGACAATACTTTAGAATTTGGAAGTGACATATGCATTAATTCACCTTCTAAGGGCTAAGGGGCAAGCAACCATGGTGATGTTTGTATGCTTGTGTGTGACTTAAGATCTTATAGCTCTTTTATGTGTTCTCTGTTGGTTAGGATATTCCATTTTGACCTTTTGTGACCATTTACTAAGGATATTTTACATGCAAATGCAGGAGAAGTATGTCTTCCAACATCCTCAACCTAAACGACCAGAGTCACTGAGGATTTATGAATCACACATTGGAATGAGCAGCCCAGTATGTCAATAAGTTATTTCACCTGTTTCTGGTCTGATGGTCTATTCTATGGATTTTTTAGTTCTGTTATGTATTGTTAACATATAACATGGTGCATTCACGTGACAACCTCGATTTTATTTTCTAATGTTATTGCAATAGCTCGGTATAATGTAACCATGTTACTAGCTTAAGATGGTTAGGGTTTCCCACTTAGGATGTATGAAATATCGCATTGGAGCATCTCCAGCAAGCCATTTTTTTGACGGTTAACAGCAGGAGCTCTGCTTTTCATTATAGGAGAGGGAAATGCTGTACAGACTGAAGTCAGTCAGAGCAAAGTAACTTAGAATCATTTATGGGCCACCCTGCACAGGGCAGAAGGCAGGCAGGAACGATCCTCTACAGCCGTCGGATTGCCTCCATCAGAGGAATCCTGGCCGTTAATCATGCTCTGGCCCAGTGGTCAGAATGCATCAACCAGACTGAGGTGCTTGCCTCCTTATTGGTAAAGGATGCAGCGGTACGAGCCTATTGAACAGATCCTGTTCAAGTAAGGCCGTTCTCCAGCAAGCCATTTCCTAGCTTATTAATGAGAGAGAGAGAGGGGGGGGGGTCTGTATTCTGCGAGCAATTCAAAAACTTCCATTGTTCTGAGGTGTACGCATTGTAGGGATCTCCCATTATGAAGAGGATATAGTTAATTCTTTGTAACCTACTTGGAAACTTGAGTCTTGCGGCATCGCTAATATATTCTATCATCACAATACTTAGAGGATGCATCTGAATATTTTAGTGGGATCTTGCACAGGAACCGAAGATAAATTCATATGCTAATTTTAGGGATGAGGTGCTGCCAAGAATTAAAAGGCTTGGATACAATGCAGTGCAGATAATGGCAATCCAGGAGCATTCATACTATGCGAGCTTTGGGTATTCACACAATCCATTTTTTTCTGTTCTTTTTTCTGTATGCGCCTCTTCACCCATTTGGAGCTATTACATCCTAATGCTTCGTGCACATAGAATATTTGGATATAATTCTTTAGTAGACATATAGTACAACAACAGTTGGTATTTCTGACTTGTATGACCATTTTATTGTTGTTGGCTTGTTCCAGGTACCATGTTACTAATTTTTTTGCACCAAGTAGCCGTTTTGGAACTCCAGAGGACTTAAAATCCCTGATCGATAGAGCACATGAGCTTGGTTTGCTTGTTCTTATGGATATTGTTCATAGGTAAGTAGTCCAATTAATTTTAGCTGCTTTACTGTTTATCTGGTATTCTAAATGGCAGGGCCGTATCGACGAGTATTTTTCCATTCTATATAATTGTGCTACATGACTTCTTTTTTCTCAGATGTATTAAACCAGTTGGACATCAAATGTATTTGGTACATCTAGTAAACTGACAGTTTCAAAGAACATCGTTTTGTAATGGCAACATGATTTGATGCCATAGATGTGGACTGAGAAGTTCAGATGCTATCAAGAAAATTAATCAACTGGCCATGTACTCGTGGCACTACATAGAGTTTGCAAGTTGGAAAACTGACAGCAATACCTCACTGATAAGTAGCTAGGCCCCACTTGCCAGCTTCATATTAGATGTTACTTCCCTGTTGAACTCATTTGAACATATTACTTAAAGTTCTTCATTTGTCCTAAGTCAAACTTCTTTAAGTTTGACCAAGTCTACTGAAAAATATATCAACATCTACAACACCAAATTGGTTTCATTAGATTCACAATTTTTATTTTGTTATATTAGCACACCTTTGATGTTGTAGATATCAGCACATTTTTCTACAGACTTGGTCAAATATAGAGAAGTTTGACTTAGGACAAATCTAGAACTTCAATCAATTTGGATCAGAGGGGATAGTCCATACTGGTTGATTATATTCGGTAACATCAAATAATATAGATAGATGTCAACACTTTAACAAAAAAATCAGACCTTGTCACCAAATATGTATCAGACCATCTGTTTGCTTTAGCCACTTGTTTTCATATTTATGTGTTTGTACCTAATCTATTTTTACTTCTACTTGGTTTGGTTGATTTTTTTTCAGTTGCATTGCTTCATCAATGATTTTGTGTACCCTGCAGTCATTCATCAAATAATACCCTTGACGGCTTGAATGGTTTCGATGGCACTGATACACATTACTTCCACGGTGGTCCACGTGGCCATCATTGGATGTGGGATTCTCGTCTATTCAACTATGGGAGTTGGGAAGTATGTAGCTCTGACTTCTGTCACCATATTTGGCTAACTGTTCCTGTTAAATCTGTTCTTACACATGTCGATATTCTATTCTTATGTAGGTATTGAGATTCTTACTGTCAAACGCGAGATGGTGGCTTGAAGAATATAAGTTTGATGGATTTCGATTTGATGGGGTGACCTCCATGATGTATACTCACCATGGATTACAAGTAAGTCATCAAGTGGTTTCAGTAACTTTTTTAGGGCACTGAAATAATTGCTATGCATCATAACATGTATCATGATCAGGACTTGTGCTACGGAGTCTTAGATAGTTCCCTAGTACGCTTGTACAATTTTACCTGATGAGATCATGGACGATTCGAAGTGATTATTATTTATTTTTCTTCTAAGTTTGCTTCTTGTTCTAGATGACATTTACTGGGAACTATGGCGAGTATTTTGGATTTGCTACTGATGTTGACGCGGTAGTTTACTTGATGCTGGTCAACGATCTAATTCATGGACTTTATCCTGATGCTGTATCCATTGGTGAAGATGTAAGTGCTTACAGTATTTATGATTTTTAACCAGTTAAGTAGTTTTATTTTGGGATCAGGCTGTTACTCTTTTTGTTAGGGGTAAGATCTCTCTTTTCATAACAATGCTAATTTATACCTTGTATGATAATGCATCACTTAGGTAATTTGAAAAGTGCAAGGCCATTCAAGCTTACGAGCATATTTTTTGATGGCTGTAATTTATTTGATAGTATGCTTGTTTGGGTTTTTCAGTAAATGGGAGTGTGTGACTAATGTTGTATTAGAAATGGGCAACCTTGTCAATTGCTTCAGAAGGCTAACTTAGATTCCGTAAACGCTTCAGAAATGAGAGGCTATTCCCATGGACATGAAATTATACTTCAGTGTGTTCTGTACATGTATTTGTAAGAGCAAGAGCAACATGGTTTAACTTAAATTCCTGCACTGCTATGGAATCTCACTGTATGTTGTTAGTGTAACATCCGCAAACAAGTAATCCTGAGCTTTCAACTCATGAGAAAATATGAGGTTCCACTTCTGCCAGCATTAACTGTTCACAGTTCTAATTTGTGTAACTGTGAAATTGTTCAGGTCAGTGGAATGCCCACATTTTGCATCCCTGTTCCAGATGGTGGTGTTGGTTTTGACTATCGCTTGCATATGGCTGTAGCAGATAAATGGATTGAACTCCTCAAGTAAGTGCAGGAATATTGGTGATTACATGCGCACAATGATCTAGATTACAATTTCTAAATGGTAAAAGGAAAATATGTATGTGAATATCTAGACATTTTCCTGTTATCAGCTTGTATACGAGAAGTCATACATGGTTTAAATAGCAAATCTCAGAAATGTAATGGCTAGTGTCTTTATGCTGGACATTGTACATTGCGCTGTAGCAGGCCAGTCAACACAGTTAGCAATATTTTCAGAAACAATAATTATTTATATCCGTATATGGGGAAAGTAGGTATATAAACTGTGGTCATTAATTGTGTTCACCTTTTGTCCTGTATAAGCATGGGCAGTAGGTAATAAATTTAGCCAGATAAAATAAATCGTTATTAGGTTTACAAAAGGAATATACAGGGTCATGTAGCATATCTAGTTGTAATTATTGAAAAGGCTGACAAAAGGCTCGGTAAAAAAAATCCAGATACGCAGGAACGCGACTAAAGCTCAAATATTTATAGTGGTCTCTGTTGCTTGCTGTATATTTGTATCTGCACATATATGAAATTACTACTACACAGCTGCCAATCTGTCATGATCTGTGTTCTGCTTTGTGCTATTTAAATTTTAATTCGATACATTGGCAATAATAAACTTAACTATTCAACCAATTTGGTGGATACCAGAGATTTCTGCCCTCTTTTCGTAATGTTGTGCTCCTGCTGCTGTTCTCTGCTGTTACAAAAGCTGTTCTCAGTTTTTTTACATCATTATTTTTGTGTGTGAGTACTTTTAGCATGTTTTTCGAAGCTGTGAGTTGTTGGTACTTAATACATTCTTGGTAGTGTCCAAATATGCTGCAGTCTAATTTAGCATTTCTTTAACACAGGCAAAGTGACGAATCTTGGAAAATGGGTGATATTGTGCACACCCTAACAAATAGAAGGTGGCTTGAGAAGTGTGTAACTTATGCAGAAAGTCATGATCAAGCACTAGTTGGTGACAAGACTATTGCATTCTGGTTGATGGATAAGGTACTAGCTGTTACTTTTGGACCAAAAGAATTACACAATTGATTTGTCTCATCAGATTGCTAGTGTTTTCTTGTGATAAAGATTGGCTGCGTCACCCATCACCAGCTATTTCCCAACTGTTACTTGAGCAAAATTTGCTGAAAACGTACCATGTGGTACTGTGGCGGCTTGTGAACTTTGACTGTTATGGTGCAAATTTCTGTTCTTATTTTTTTGATTGCTTATGTTACCGTTCATTTGCTCATCCCTTTCAGAGACCAGCCAAAGTCACGTGTAGCTGTGTGATCTATTATCTGAATCTTGAGCAAATTTTATTAATAGGGTAAAACCCAACGAATTATTTGCTTGAATTTTAATATACAGACGTATAGTCACCTGGTGCTTTCTTAAATGATTACCATAGTGCCTGAAGGCTGAAATAGTTTTGGCGTTTCTTGGACGCCGCCTAAAGGAGTGATTTTGGGTAGATTCCTGGTCGAGCCCTCGTTACAACATACATTTTGGAGATATGCTTAGTAACTGCTCTGGGAAGTTTGGTCAGAAGTCTGCATCTACACGCTCCTTGAGGTTTTATTATGACGCCATCTTTGTAACTAGTGGCAGCTGTAAGGAAACACATTCAAAAGGAAACGGTCACATTATTCTAGTCAGGACCACCACACTAAGAGGAATATTCTGTTCCAATTTTATGAGTTTTTGGGACTCCAAAGGGAACAAAAGTGTCTCATATTGTGCTTATAACTACAGTTGTTTTTATACCAGTGTAGTTCCATTCCAGGACAGTTGATACTTGGTACTGTGCTGTAAATTATTGATCTGGCATAGAACAGCATGAACATATCAAGCTCTCTTTGTGCAGGATATGTATGATTTCATGGCTCTGGATAGGCCTTCAACTCCTCGCATTGATCGTGGCATAGCATTACATAAAATGATCAGGCTTGTCACCATGGGTTTAGGTGGTGAAGGCTATCTTAACTTCATGGGAAATGAGTTTGGGCATCCTGGTCAGTCTTTACAACTTTAATTGCATTCTGCATAGTTGTGATTTACTGTAATTTGAACCATGCTTTGTTTTCACATTGTATGTATTATGTAATCTGTTGCTTCCAAGGAGGAAGTTAACTTCTATTTACTTGGCAGAATGGATAGATTTTCCAAGAGGTCCGCAAACTCTTCCAACCGGCAAAGTTCTCCCTGGAAATAACAATAGTTATGATAAATGCCGCCGTAGATTTGATCTTGTAAGTTTTAGCTTAGCTATTACATTTCCTCACTAGATCTTTATCGGCCATTTATTTCTTGATGAAATCATAATGTTTGTTAGGAAAGATCAACATTGCTTTTGTAGTTTTGTAGACGTTAACATAAATATGTGTTAAGAGTTGTTGATCATTAAGAATATCATGATTTTTTGTAGGGAGATGCAGATTTTCTTAGATATCGTGGTATGCAAGAGTTCGATCAGGCAATGCAGCATCTTGAGGAAAAATATGGGGTATGTCACTGGTTTGTCTTTGTTGCATAACAAGTCACAGTTTAACATTAGTCTCTTCAAATGGTCAAAAAAGTGTAGAATTAATTTCTGTAATGAGATGAAAACTGTGCAAAGGCGGGAGCTGGAATTGCTCTTCACCAATTAAAACTATTTTCTTGAGCGATAGTGTATTGATACCTATACCAACACTGACAATGTAACTGCAGTTTATGACATCTGAGCACCAGTATGTTTCACGGAAACACGAGGAAGATAAGGTGATCATCTTCGAAAGAGGAGATTTGGTATTTGTTTTCAACTTCCACTGGAGCAATAGCTTTTTTGACTACCGTGTTGGGTGTTCCAGGCCTGGGAAGTACAAGGTATGCTTTGCTTTTGCATTGTCCACCCTTCACCAGTAGGGTTAGTGGGGGCTTCTACAACTTTTAAGTCCACATGTATAGAGTTTGTTGGTCGTGCAGCTATCAATATAAAGAATATGATAATTTGTAAAGAAAAGAATTTGTTGCTCGAGCTGTTGTAGTCATATAACATCCCCGAAGCACATCTACTATTCATTCATATTATCTACTTAAGGGTTTGTTACAATCTTTGTACTCAGTTGGACTCACTCTAATACTGGAACTGTTTACCGAATCTACCCTAATCATCCTAGCAGTTTTAGAGCAGCCCCATTTGGACAGTCCACTGGGTTTAGTTGGTTTGTGACAGTTTCTGCTATTTCTTATCAGGTGGCCTTAGACTCCGACGATGCACTCTTTGGTGGATTCAGCAGGCTTGATCATGATGTCGACTACTTCACAACCGTAAGTCTGGGCCCAAGCGTTACTTGACTCGTCTTGACTCAACTGCTTACAAATCTGAATCAACTTCTCATTTGCTGATGCCCTTGCAGGAACATCCGCATGACAACAGGCCGCGCTCTTTCTCGGTGTACACTCCGAGCAGAACTGCGGTCGTGTATGCCCTTACAGAGTAAGAACCAGCAGCTGCTTGTTACAAGGCAAAGAGAGAACTCCAGAGAGCTCGTGGATCGTGAGCGAAGCGACGGGCAACGGCGCGAGGCTGCTCTAAGCGCCATGACTGGGAGGGGATCGTGCCTCTTCCCCAGATGCCAGGAGGAGCAGATGGATAGGTAGCTTGTTGGTGAGCGCTCGAAAGAAAATGGACGGGCCTGGGTGTTTGTCGTGCTGCACTACCCTCCTCATATCTTGCACATTCCCGGTTGTTTTTGTACATATAACTAATAATTGCCCGTGCGCTCAACATGAACATATAAATATTCTAATAATAGGT</charSequence>\r\n</XMLSerialisableRootElement>',1);
/*!40000 ALTER TABLE `annotated_document` ENABLE KEYS */;
UNLOCK TABLES;

--
-- Table structure for table `boolean_search_field_value`
--

DROP TABLE IF EXISTS `boolean_search_field_value`;
/*!40101 SET @saved_cs_client     = @@character_set_client */;
/*!50503 SET character_set_client = utf8mb4 */;
CREATE TABLE `boolean_search_field_value` (
  `id` int NOT NULL,
  `annotated_document_id` int NOT NULL,
  `search_field_code` varchar(255) NOT NULL,
  `value` tinyint(1) NOT NULL,
  PRIMARY KEY (`id`),
  KEY `annotated_document_id` (`annotated_document_id`),
  KEY `search_field_code` (`search_field_code`),
  CONSTRAINT `boolean_search_field_value_ibfk_1` FOREIGN KEY (`annotated_document_id`) REFERENCES `annotated_document` (`id`) ON DELETE CASCADE,
  CONSTRAINT `boolean_search_field_value_ibfk_2` FOREIGN KEY (`search_field_code`) REFERENCES `search_field` (`code`) ON DELETE CASCADE
) ENGINE=InnoDB DEFAULT CHARSET=utf8mb4 COLLATE=utf8mb4_0900_ai_ci;
/*!40101 SET character_set_client = @saved_cs_client */;

--
-- Dumping data for table `boolean_search_field_value`
--

LOCK TABLES `boolean_search_field_value` WRITE;
/*!40000 ALTER TABLE `boolean_search_field_value` DISABLE KEYS */;
/*!40000 ALTER TABLE `boolean_search_field_value` ENABLE KEYS */;
UNLOCK TABLES;

--
-- Table structure for table `date_search_field_value`
--

DROP TABLE IF EXISTS `date_search_field_value`;
/*!40101 SET @saved_cs_client     = @@character_set_client */;
/*!50503 SET character_set_client = utf8mb4 */;
CREATE TABLE `date_search_field_value` (
  `id` int NOT NULL,
  `annotated_document_id` int NOT NULL,
  `search_field_code` varchar(255) NOT NULL,
  `value` date NOT NULL,
  PRIMARY KEY (`id`),
  KEY `annotated_document_id` (`annotated_document_id`),
  KEY `search_field_code` (`search_field_code`),
  CONSTRAINT `date_search_field_value_ibfk_1` FOREIGN KEY (`annotated_document_id`) REFERENCES `annotated_document` (`id`) ON DELETE CASCADE,
  CONSTRAINT `date_search_field_value_ibfk_2` FOREIGN KEY (`search_field_code`) REFERENCES `search_field` (`code`) ON DELETE CASCADE
) ENGINE=InnoDB DEFAULT CHARSET=utf8mb4 COLLATE=utf8mb4_0900_ai_ci;
/*!40101 SET character_set_client = @saved_cs_client */;

--
-- Dumping data for table `date_search_field_value`
--

LOCK TABLES `date_search_field_value` WRITE;
/*!40000 ALTER TABLE `date_search_field_value` DISABLE KEYS */;
INSERT INTO `date_search_field_value` VALUES (38,32,'cache_created','2020-08-25'),(39,32,'modified_date','2020-08-25'),(40,33,'cache_created','2020-08-25'),(41,33,'modified_date','2020-08-25'),(42,34,'cache_created','2020-08-25'),(43,34,'modified_date','2020-08-25');
/*!40000 ALTER TABLE `date_search_field_value` ENABLE KEYS */;
UNLOCK TABLES;

--
-- Table structure for table `document_file_data`
--

DROP TABLE IF EXISTS `document_file_data`;
/*!40101 SET @saved_cs_client     = @@character_set_client */;
/*!50503 SET character_set_client = utf8mb4 */;
CREATE TABLE `document_file_data` (
  `id` int NOT NULL,
  `data` longblob,
  `local_file_path` text,
  `local_file_size` bigint DEFAULT NULL,
  `last_needed` timestamp NULL DEFAULT NULL,
  PRIMARY KEY (`id`)
) ENGINE=InnoDB DEFAULT CHARSET=utf8mb4 COLLATE=utf8mb4_0900_ai_ci;
/*!40101 SET character_set_client = @saved_cs_client */;

--
-- Dumping data for table `document_file_data`
--

LOCK TABLES `document_file_data` WRITE;
/*!40000 ALTER TABLE `document_file_data` DISABLE KEYS */;
/*!40000 ALTER TABLE `document_file_data` ENABLE KEYS */;
UNLOCK TABLES;

--
-- Table structure for table `document_read`
--

DROP TABLE IF EXISTS `document_read`;
/*!40101 SET @saved_cs_client     = @@character_set_client */;
/*!50503 SET character_set_client = utf8mb4 */;
CREATE TABLE `document_read` (
  `g_user_id` int NOT NULL,
  `annotated_document_id` int NOT NULL,
  PRIMARY KEY (`g_user_id`,`annotated_document_id`),
  KEY `annotated_document_id` (`annotated_document_id`),
  CONSTRAINT `document_read_ibfk_1` FOREIGN KEY (`annotated_document_id`) REFERENCES `annotated_document` (`id`) ON DELETE CASCADE,
  CONSTRAINT `document_read_ibfk_2` FOREIGN KEY (`g_user_id`) REFERENCES `g_user` (`id`) ON DELETE CASCADE
) ENGINE=InnoDB DEFAULT CHARSET=utf8mb4 COLLATE=utf8mb4_0900_ai_ci;
/*!40101 SET character_set_client = @saved_cs_client */;

--
-- Dumping data for table `document_read`
--

LOCK TABLES `document_read` WRITE;
/*!40000 ALTER TABLE `document_read` DISABLE KEYS */;
INSERT INTO `document_read` VALUES (26,32),(26,33),(26,34);
/*!40000 ALTER TABLE `document_read` ENABLE KEYS */;
UNLOCK TABLES;

--
-- Table structure for table `document_to_file_data`
--

DROP TABLE IF EXISTS `document_to_file_data`;
/*!40101 SET @saved_cs_client     = @@character_set_client */;
/*!50503 SET character_set_client = utf8mb4 */;
CREATE TABLE `document_to_file_data` (
  `document_urn` varchar(255) NOT NULL,
  `file_data_id` int NOT NULL,
  PRIMARY KEY (`document_urn`,`file_data_id`),
  KEY `file_data_id` (`file_data_id`),
  CONSTRAINT `document_to_file_data_ibfk_1` FOREIGN KEY (`document_urn`) REFERENCES `annotated_document` (`urn`) ON DELETE CASCADE,
  CONSTRAINT `document_to_file_data_ibfk_2` FOREIGN KEY (`file_data_id`) REFERENCES `document_file_data` (`id`) ON DELETE CASCADE
) ENGINE=InnoDB DEFAULT CHARSET=utf8mb4 COLLATE=utf8mb4_0900_ai_ci;
/*!40101 SET character_set_client = @saved_cs_client */;

--
-- Dumping data for table `document_to_file_data`
--

LOCK TABLES `document_to_file_data` WRITE;
/*!40000 ALTER TABLE `document_to_file_data` DISABLE KEYS */;
/*!40000 ALTER TABLE `document_to_file_data` ENABLE KEYS */;
UNLOCK TABLES;

--
-- Table structure for table `double_search_field_value`
--

DROP TABLE IF EXISTS `double_search_field_value`;
/*!40101 SET @saved_cs_client     = @@character_set_client */;
/*!50503 SET character_set_client = utf8mb4 */;
CREATE TABLE `double_search_field_value` (
  `id` int NOT NULL,
  `annotated_document_id` int NOT NULL,
  `search_field_code` varchar(255) NOT NULL,
  `value` float NOT NULL,
  PRIMARY KEY (`id`),
  KEY `annotated_document_id` (`annotated_document_id`),
  KEY `search_field_code` (`search_field_code`),
  CONSTRAINT `double_search_field_value_ibfk_1` FOREIGN KEY (`annotated_document_id`) REFERENCES `annotated_document` (`id`) ON DELETE CASCADE,
  CONSTRAINT `double_search_field_value_ibfk_2` FOREIGN KEY (`search_field_code`) REFERENCES `search_field` (`code`) ON DELETE CASCADE
) ENGINE=InnoDB DEFAULT CHARSET=utf8mb4 COLLATE=utf8mb4_0900_ai_ci;
/*!40101 SET character_set_client = @saved_cs_client */;

--
-- Dumping data for table `double_search_field_value`
--

LOCK TABLES `double_search_field_value` WRITE;
/*!40000 ALTER TABLE `double_search_field_value` DISABLE KEYS */;
INSERT INTO `double_search_field_value` VALUES (30,32,'gcPercent',40.6016),(31,33,'gcPercent',40.8063),(32,34,'gcPercent',41.1831);
/*!40000 ALTER TABLE `double_search_field_value` ENABLE KEYS */;
UNLOCK TABLES;

--
-- Table structure for table `float_search_field_value`
--

DROP TABLE IF EXISTS `float_search_field_value`;
/*!40101 SET @saved_cs_client     = @@character_set_client */;
/*!50503 SET character_set_client = utf8mb4 */;
CREATE TABLE `float_search_field_value` (
  `id` int NOT NULL,
  `annotated_document_id` int NOT NULL,
  `search_field_code` varchar(255) NOT NULL,
  `value` double NOT NULL,
  PRIMARY KEY (`id`),
  KEY `annotated_document_id` (`annotated_document_id`),
  KEY `search_field_code` (`search_field_code`),
  CONSTRAINT `float_search_field_value_ibfk_1` FOREIGN KEY (`annotated_document_id`) REFERENCES `annotated_document` (`id`) ON DELETE CASCADE,
  CONSTRAINT `float_search_field_value_ibfk_2` FOREIGN KEY (`search_field_code`) REFERENCES `search_field` (`code`) ON DELETE CASCADE
) ENGINE=InnoDB DEFAULT CHARSET=utf8mb4 COLLATE=utf8mb4_0900_ai_ci;
/*!40101 SET character_set_client = @saved_cs_client */;

--
-- Dumping data for table `float_search_field_value`
--

LOCK TABLES `float_search_field_value` WRITE;
/*!40000 ALTER TABLE `float_search_field_value` DISABLE KEYS */;
/*!40000 ALTER TABLE `float_search_field_value` ENABLE KEYS */;
UNLOCK TABLES;

--
-- Table structure for table `folder`
--

DROP TABLE IF EXISTS `folder`;
/*!40101 SET @saved_cs_client     = @@character_set_client */;
/*!50503 SET character_set_client = utf8mb4 */;
CREATE TABLE `folder` (
  `id` int NOT NULL,
  `g_group_id` int NOT NULL,
  `parent_folder_id` int DEFAULT NULL,
  `visible` bit(1) NOT NULL,
  `modified` timestamp NOT NULL,
  `name` varchar(255) DEFAULT NULL,
  PRIMARY KEY (`id`),
  KEY `F_name_FK` (`name`),
  CONSTRAINT `folder_chk_1` CHECK ((`id` <> `parent_folder_id`))
) ENGINE=InnoDB DEFAULT CHARSET=utf8mb4 COLLATE=utf8mb4_0900_ai_ci;
/*!40101 SET character_set_client = @saved_cs_client */;

--
-- Dumping data for table `folder`
--

LOCK TABLES `folder` WRITE;
/*!40000 ALTER TABLE `folder` DISABLE KEYS */;
INSERT INTO `folder` VALUES (1,1,NULL,_binary '','2022-07-13 15:25:37','Server Documents'),(2,2,1,_binary '\0','2022-07-12 09:50:37','annotationDefinitions'),(3,2,1,_binary '\0','2022-07-12 09:48:14','workflowStorage_shared'),(4,2,1,_binary '\0','2022-07-12 09:48:14','workflowStorage'),(5,2,1,_binary '\0','2022-07-12 09:48:14','Operation_ExportDocuments'),(6,2,1,_binary '\0','2022-07-12 14:24:09','documentsOnlyReferenced'),(7,2,1,_binary '\0','2022-07-12 09:48:14','hidden_folder_for_folder_view_documents'),(8,2,1,_binary '\0','2022-07-12 09:48:14','Operation_ExportDocumentsWithRelations'),(9,2,1,_binary '\0','2022-07-12 09:48:15','resumableOperations'),(10,2,1,_binary '\0','2022-07-12 09:48:15','Operation_Operation_com.biomatters.plugins.transferAnnotations.TransferAnnotationsGenerator'),(11,2,1,_binary '\0','2022-07-12 09:48:15','Operation_Geneious_NUCLEOTIDE_'),(12,2,1,_binary '\0','2022-07-12 09:48:15','Operation_Geneious_PROTEIN_'),(13,2,1,_binary '\0','2022-07-12 09:48:15','Operation_Geneious_NUCLEOTIDE_with_sequence_type_in_name'),(14,2,1,_binary '\0','2022-07-12 09:48:15','Operation_Geneious_PROTEIN_with_sequence_type_in_name'),(15,2,1,_binary '\0','2022-07-12 09:48:15','Operation_MUSCLE_NUCLEOTIDE_'),(16,2,1,_binary '\0','2022-07-12 09:48:16','Operation_MUSCLE_PROTEIN_'),(17,2,1,_binary '\0','2022-07-12 09:48:16','Operation_MUSCLE_NUCLEOTIDE_with_sequence_type_in_name'),(18,2,1,_binary '\0','2022-07-12 09:48:16','Operation_MUSCLE_PROTEIN_with_sequence_type_in_name'),(19,2,1,_binary '\0','2022-07-12 09:48:16','Operation_Clustal_Omega_Andr_Marques_and_Biomatters_Ltd'),(20,2,1,_binary '\0','2022-07-12 09:48:16','Operation_realignSection'),(21,2,1,_binary '\0','2022-07-12 09:48:16','Operation_com.biomatters.plugins.translationalign.TranslationAlignmentOperation'),(22,2,1,_binary '\0','2022-07-12 09:48:17','Operation_com.biomatters.plugins.consensusAlignment.ConsensusAlignmentOperation'),(23,2,1,_binary '\0','2022-07-12 09:48:17','Operation_Category_Operation_Alignment'),(24,2,1,_binary '\0','2022-07-12 09:48:17','Operation_Generate_Consensus'),(25,2,1,_binary '\0','2022-07-12 09:48:17','Operation_com.biomatters.plugins.fileimportexport.vectorntiimporter.archiveimporter.VNTIDatabaseImportOperationWrapper'),(26,2,1,_binary '\0','2022-07-12 09:48:17','Operation_PointLigation'),(27,2,1,_binary '\0','2022-07-12 09:48:17','Operation_Operation_CalculateExpressionLevels'),(28,2,1,_binary '\0','2022-07-12 09:48:18','Operation_Operation_CompareExpressionLevels'),(29,2,1,_binary '\0','2022-07-12 09:48:18','Operation_TreeDocumentOperationWrapper_Build_Tree_From_Alignment_PROTEIN_'),(30,2,1,_binary '\0','2022-07-12 09:48:18','Operation_TreeDocumentOperationWrapper_Build_Tree_From_Alignment_NUCLEOTIDE_'),(31,2,1,_binary '\0','2022-07-12 09:48:18','Operation_TreeDocumentOperationWrapper_Build_Tree_From_Alignment_PROTEIN_with_sequence_type_in_name'),(32,2,1,_binary '\0','2022-07-12 09:48:18','Operation_TreeDocumentOperationWrapper_Build_Tree_From_Alignment_NUCLEOTIDE_with_sequence_type_in_name'),(33,2,1,_binary '\0','2022-07-12 09:48:18','Operation_TreeDocumentOperationWrapper_Build_Tree_From_Trees'),(34,2,1,_binary '\0','2022-07-12 09:48:18','Operation_Category_Operation_TreeBuilding'),(35,2,1,_binary '\0','2022-07-12 09:48:19','Operation_Build_Tree_From_Alignment'),(36,2,1,_binary '\0','2022-07-12 09:48:19','Operation_Operation_com.biomatters.plugins.codonOptimization.CodonOptimizationSequenceAnnotationGenerator'),(37,2,1,_binary '\0','2022-07-12 09:48:19','Operation_Operation_com.biomatters.plugins.codonOptimization.CodonOptimizationSequenceAnnotationGenerator_backtranslate'),(38,2,1,_binary '\0','2022-07-12 09:48:19','Operation_Operation_ORF_Annotation_Generator'),(39,2,1,_binary '\0','2022-07-12 09:48:19','Operation_sequenceSearch'),(40,2,1,_binary '\0','2022-07-12 09:48:19','Operation_com.biomatters.plugins.sequenceSearchOperation.AddDatabaseOperation'),(41,2,1,_binary '\0','2022-07-12 09:48:20','Operation_com.biomatters.plugins.sequenceSearchOperation.RemoveDatabaseOperation'),(42,2,1,_binary '\0','2022-07-12 09:48:20','Operation_com.biomatters.plugins.sequenceSearchOperation.ServicesSetupOperation'),(43,2,1,_binary '\0','2022-07-12 09:48:20','Operation_Operation_com.biomatters.plugins.sequenceSearchOperation.BlastAnnotationGenerator'),(44,2,1,_binary '\0','2022-07-12 09:48:20','Operation_MUSCLE'),(45,2,1,_binary '\0','2022-07-12 09:48:20','Operation_com.biomatters.plugins.muscle.MuscleOperation'),(46,2,1,_binary '\0','2022-07-12 09:48:20','Operation_com.biomatters.plugins.stripalignmentcolumns.StripAlignmentColumnsOperation'),(47,2,1,_binary '\0','2022-07-12 09:48:21','Operation_Operation_com.biomatters.plugins.coverage.CoverageAnnotationGenerator'),(48,2,1,_binary '\0','2022-07-12 09:48:21','Operation_Operation_com.biomatters.plugins.featureFinder.FeatureFinder_NUCLEOTIDE'),(49,2,1,_binary '\0','2022-07-12 09:48:21','Operation_Operation_com.biomatters.plugins.featureFinder.FeatureFinder_PROTEIN'),(50,2,1,_binary '\0','2022-07-12 09:48:21','Operation_Find_Duplicates'),(51,2,1,_binary '\0','2022-07-12 09:48:21','Operation_BatchExport'),(52,2,1,_binary '\0','2022-07-12 09:48:22','Operation_com.biomatters.plugins.exportConsensus.ExportConsensusOperation'),(53,2,1,_binary '\0','2022-07-12 09:48:22','Operation_ChimeraFiltering'),(54,2,1,_binary '\0','2022-07-12 09:48:22','Operation_com.biomatters.plugins.extractAnnotations.ExtractAnnotationsOperation'),(55,2,1,_binary '\0','2022-07-12 09:48:22','Operation_Operation_com.biomatters.plugins.extractAnnotations.CompareAnnotationsAnnotationGenerator'),(56,2,1,_binary '\0','2022-07-12 09:48:22','Operation_SendFeedback'),(57,2,1,_binary '\0','2022-07-12 09:48:22','Operation_SpecialFeedback'),(58,2,1,_binary '\0','2022-07-12 09:48:23','Operation_FilterOperation'),(59,2,1,_binary '\0','2022-07-12 09:48:23','Operation_SortOperation'),(60,2,1,_binary '\0','2022-07-12 09:48:23','Operation_batchRename'),(61,2,1,_binary '\0','2022-07-12 09:48:23','Operation_batchRenameProgrammatic'),(62,2,1,_binary '\0','2022-07-12 09:48:23','Operation_com.biomatters.plugins.groupSequences.GroupSequencesDocumentOperation'),(63,2,1,_binary '\0','2022-07-12 09:48:23','Operation_com.biomatters.plugins.groupSequences.SplitSequenceListDocumentOperation'),(64,2,1,_binary '\0','2022-07-12 09:48:23','Operation_com.biomatters.plugins.groupSequences.SetPairedReadsOperation'),(65,2,1,_binary '\0','2022-07-12 09:48:24','Operation_com.biomatters.plugins.groupSequences.SeparateByBarCodeOperation'),(66,2,1,_binary '\0','2022-07-12 09:48:24','Operation_com.biomatters.plugins.groupSequences.SetDataTypeOperation'),(67,2,1,_binary '\0','2022-07-12 09:48:24','Operation_ApplyVariantsOperation'),(68,2,1,_binary '\0','2022-07-12 09:48:24','Operation_com.biomatters.plugins.mutationFinder.EvaluateCrisprResults'),(69,2,1,_binary '\0','2022-07-12 09:48:24','Operation_Operation_com.biomatters.plugins.mutationFinder.MutationFinderAnnotationGenerator'),(70,2,1,_binary '\0','2022-07-12 09:48:24','Operation_com.biomatters.plugins._16sclient._16SClientDocumentOperation'),(71,2,1,_binary '\0','2022-07-12 09:48:25','Operation_com.biomatters.plugins.sequenceConcatenation.ConcatenationOperation'),(72,2,1,_binary '\0','2022-07-12 09:48:25','Operation_Operation_com.biomatters.plugins.crispr.CRISPRAnnotationGenerator'),(73,2,1,_binary '\0','2022-07-12 09:48:25','Operation_invisibleClassifySequencesOperation'),(74,2,1,_binary '\0','2022-07-12 09:48:25','Operation_com.biomatters.plugins.emboss.BackTranAmbigOperation'),(75,2,1,_binary '\0','2022-07-12 09:48:25','Operation_Operation_com.biomatters.plugins.emboss.fuzz.FuzzAnnotationGenerator'),(76,2,1,_binary '\0','2022-07-12 09:48:25','Operation_BBMerge'),(77,2,1,_binary '\0','2022-07-12 09:48:26','Operation_BBNorm'),(78,2,1,_binary '\0','2022-07-12 09:48:26','Operation_Dedupe'),(79,2,1,_binary '\0','2022-07-12 09:48:26','Operation_extraction'),(80,2,1,_binary '\0','2022-07-12 09:48:26','Operation_reverseComplement'),(81,2,1,_binary '\0','2022-07-12 09:48:26','Operation_translation'),(82,2,1,_binary '\0','2022-07-12 09:48:26','Operation_pasteAsActiveLink'),(83,2,1,_binary '\0','2022-07-12 09:48:26','Operation_com.biomatters.plugins.textImporter.NewTextDocumentOperation'),(84,2,1,_binary '\0','2022-07-12 09:48:27','Operation_com.biomatters.plugins.primerDesign.extractpcrproduct.ExtractPcrProductOperation'),(85,2,1,_binary '\0','2022-07-12 09:48:27','Operation_com.biomatters.plugins.primerDesign.ConvertToOligo'),(86,2,1,_binary '\0','2022-07-12 09:48:27','Operation_com.biomatters.plugins.primerDesign.NewOligoOperation'),(87,2,1,_binary '\0','2022-07-12 09:48:27','Operation_Operation_com.biomatters.plugins.primerDesign.DesignAnnotationGenerator'),(88,2,1,_binary '\0','2022-07-12 09:48:27','Operation_Operation_com.biomatters.plugins.primerDesign.CharacteristicsAnnotationGenerator'),(89,2,1,_binary '\0','2022-07-12 09:48:28','Operation_Operation_com.biomatters.plugins.primerDesign.CharacteristicsAnnotationGenerator-hidden'),(90,2,1,_binary '\0','2022-07-12 09:48:28','Operation_Operation_com.biomatters.plugins.primerDesign.extension.AddExtensionGenerator'),(91,2,1,_binary '\0','2022-07-12 09:48:28','Operation_Operation_com.biomatters.plugins.primerDesign.MapPrimersAnnotationGenerator'),(92,2,1,_binary '\0','2022-07-12 09:48:28','Operation_Operation_com.biomatters.plugins.primerDesign.TestingAnnotationGenerator'),(93,2,1,_binary '\0','2022-07-12 09:48:28','Operation_Operation_SearchPrimersAnnotationGenerator'),(94,2,1,_binary '\0','2022-07-12 09:48:28','Operation_Operation_AddPrimersAnnotationGenerator'),(95,2,1,_binary '\0','2022-07-12 09:48:29','Operation_com.biomatters.plugins.restrictionAnalysis.DigestOperation'),(96,2,1,_binary '\0','2022-07-12 09:48:29','Operation_com.biomatters.plugins.cloning.restrictionanalysis.GetEnzymesNotCuttingOperation'),(97,2,1,_binary '\0','2022-07-12 09:48:29','Operation_com.biomatters.plugins.cloning.insertoperation.InsertOperation'),(98,2,1,_binary '\0','2022-07-12 09:48:29','Operation_com.biomatters.plugins.cloning.LigateOperation'),(99,2,1,_binary '\0','2022-07-12 09:48:29','Operation_com.biomatters.plugins.cloning.gateway.attbpcr.AttBPcrOperation'),(100,2,1,_binary '\0','2022-07-12 09:48:29','Operation_com.biomatters.plugins.cloning.gateway.bplr.BpReactionOperation'),(101,2,1,_binary '\0','2022-07-12 09:48:29','Operation_com.biomatters.plugins.cloning.gateway.bplr.LrReactionOperation'),(102,2,1,_binary '\0','2022-07-12 09:48:30','Operation_com.biomatters.plugins.cloning.gateway.bplr.OneStepGatewayOperation'),(103,2,1,_binary '\0','2022-07-12 09:48:30','Operation_com.biomatters.plugins.cloning.topo.TopoCloningOperation'),(104,2,1,_binary '\0','2022-07-12 09:48:30','Operation_com.biomatters.plugins.cloning.newgibson.GibsonOperation'),(105,2,1,_binary '\0','2022-07-12 09:48:30','Operation_com.biomatters.plugins.cloning.goldengate.GoldenGateOperation'),(106,2,1,_binary '\0','2022-07-12 09:48:30','Operation_com.biomatters.plugins.cloning.restrictionCloning.RestrictionCloningOperation'),(107,2,1,_binary '\0','2022-07-12 09:48:31','Operation_com.biomatters.plugins.cloning.gibson.GibsonAssemblyOperation'),(108,2,1,_binary '\0','2022-07-12 09:48:31','Operation_com.biomatters.plugins.cloning.enzymeset.NewEnzymeSetDocumentOperation'),(109,2,1,_binary '\0','2022-07-12 09:48:31','Operation_Hide_from_workflows_com.biomatters.plugins.cloning.enzymeset.NewEnzymeSetDocumentOperation'),(110,2,1,_binary '\0','2022-07-12 09:48:31','Operation_com.biomatters.plugins.cloning.parts.PartsOperation'),(111,2,1,_binary '\0','2022-07-12 09:48:31','Operation_Operation_com.biomatters.plugins.restrictionAnalysis.RestrictionSiteAnnotationGenerator'),(112,2,1,_binary '\0','2022-07-12 09:48:31','Operation_Operation_com.biomatters.plugins.cloning.gateway.annotator.AttAnnotationGenerator'),(113,2,1,_binary '\0','2022-07-12 09:48:31','Operation_Operation_com.biomatters.plugins.cloning.silentmutationanalysis.SilentMutationGenerator'),(114,2,1,_binary '\0','2022-07-12 09:48:32','Operation_Geneious'),(115,2,1,_binary '\0','2022-07-12 09:48:32','Operation_Geneious_Alignment'),(116,2,1,_binary '\0','2022-07-12 09:48:32','Operation_com.biomatters.plugins.alignment.AssemblyOperation'),(117,2,1,_binary '\0','2022-07-12 09:48:32','Operation_com.biomatters.plugins.alignment.AssemblyOperation_Reference'),(118,2,1,_binary '\0','2022-07-12 09:48:32','Operation_com.biomatters.plugins.alignment.AssemblyOperation_Denovo'),(119,2,1,_binary '\0','2022-07-12 09:48:33','Operation_setReadDirection'),(120,2,1,_binary '\0','2022-07-12 09:48:33','Operation_Operation_com.biomatters.plugins.alignment.TrimAnnotationGenerator'),(121,2,1,_binary '\0','2022-07-12 09:48:33','Operation_Align DNA then build tree_d5c76d00-38db-4362-98fb-337930e48324'),(122,2,1,_binary '\0','2022-07-12 09:48:33','Operation_Align DNA via Muscle, Clustal Omega, and Geneious_477eaa6e-5fca-4c5b-85e3-1b2fb4857706'),(123,2,1,_binary '\0','2022-07-12 09:48:33','Operation_Annealed Oligo Cloning_08ed2924-877f-4988-812c-fa9dba86514d'),(124,2,1,_binary '\0','2022-07-12 09:48:33','Operation_Apply Variants to Reference Sequence_615d6ddc-c4fe-4b03-abd2-c6778e57490c'),(125,2,1,_binary '\0','2022-07-12 09:48:33','Operation_Batch alignment with MUSCLE_4b49d5f4-811f-4b5e-9171-b8866f1dc3dd'),(126,2,1,_binary '\0','2022-07-12 09:48:34','Operation_Batch reverse complement_327ceeb6-1a82-4472-9857-47cfd2495b54'),(127,2,1,_binary '\0','2022-07-12 09:48:34','Operation_Combined mapping and de novo assembly_55d721ff-4972-4be1-8100-e4f6228b7718'),(128,2,1,_binary '\0','2022-07-12 09:48:34','Operation_Copy Document(s)_086ddae1-2134-47b7-9e0d-2dcf3f2c433e'),(130,2,1,_binary '\0','2022-07-12 09:48:34','Operation_Extract Sequences By Name_1d967440-0c47-4387-bdfc-7a1581087165'),(131,2,1,_binary '\0','2022-07-12 09:48:41','referencedOnlyImportFolder'),(132,2,1,_binary '\0','2022-07-12 09:48:34','Operation_Filter_97d8b026-1909-405a-bc00-e64c43154e3c'),(133,2,1,_binary '\0','2022-07-12 09:48:35','Operation_Group sequences by name_f5aef554-c11d-4d42-b7cf-01891f19085b'),(134,2,1,_binary '\0','2022-07-12 09:48:35','Operation_Identify Organism_9d765131-fefb-4fa4-a3e3-573563fc73ff'),(135,2,1,_binary '\0','2022-07-12 09:48:35','Operation_List all sequences with variants_d42e7c33-157e-4862-87f8-5c0397caa0e7'),(136,2,1,_binary '\0','2022-07-12 09:48:35','Operation_Map reads then find variations_SNPs_b0b91d63-c133-4cfa-af24-1c524f84673b'),(137,2,1,_binary '\0','2022-07-12 09:48:35','Operation_Map reads to each reference sequence_0804e36e-a242-4fa9-ad80-74d07b0ac098'),(138,2,1,_binary '\0','2022-07-12 09:48:35','Operation_Map reads to reference sequence by name_468edd55-a764-47a0-81a1-dfc7608b5e5f'),(139,2,1,_binary '\0','2022-07-12 09:48:36','Operation_Merge mapped sequences_26aeada1-2bdf-4651-8fc2-ff5241217511'),(140,2,1,_binary '\0','2022-07-12 09:48:36','Operation_Modify Annotation Intervals_e37591ae-712d-44cf-959e-7b8853789069'),(141,2,1,_binary '\0','2022-07-12 09:48:36','Operation_Randomly Sample Sequences_a07b0b2f-7b88-41ea-adf6-b9338c8c3c80'),(142,2,1,_binary '\0','2022-07-12 09:48:36','Operation_Sequence Search, Align, and Build Tree_53ffe715-5c12-4970-820e-53cfa4bd349a'),(143,2,1,_binary '\0','2022-07-12 09:48:36','Operation_Set CDS Translation Property_df9bc185-88ad-4faa-a76e-f683c47a7232'),(144,2,1,_binary '\0','2022-07-12 09:48:36','Operation_Shift circular origin to specified nucleotides_8845caf4-2c91-4cdc-941d-5b046b0b7708'),(145,2,1,_binary '\0','2022-07-12 09:48:37','Operation_Split Sequence List_0ce2e0e1-94eb-450b-b656-86f7043d07e4'),(146,2,1,_binary '\0','2022-07-12 09:48:37','Operation_Trim and Filter_53ea3eb2-fae2-4e2c-882f-bce43ffd1900'),(147,2,1,_binary '\0','2022-07-12 09:48:37','Operation_Batch Restriction Cloning_7c9b724e-d66d-4737-ba24-4a666319eb17'),(148,2,1,_binary '\0','2022-07-12 09:48:37','Operation_ShowManageWorkflowsDialog'),(149,2,1,_binary '\0','2022-07-12 09:48:37','Operation_ReverseComplementOperation'),(150,2,1,_binary '\0','2022-07-12 09:48:37','Operation_TranslationOperation'),(151,2,1,_binary '\0','2022-07-12 09:48:37','Operation_ExtractReferenceSequenceOperation'),(152,2,1,_binary '\0','2022-07-12 09:48:38','Operation_ExtractNonReferenceSequencesOperation'),(153,2,1,_binary '\0','2022-07-12 09:48:38','Operation_ShowRunOtherWorkflowDialog'),(154,2,1,_binary '\0','2022-07-12 09:48:38','AnnotationGenerator_com.biomatters.plugins.transferAnnotations.TransferAnnotationsGenerator'),(155,2,1,_binary '\0','2022-07-12 09:48:38','AnnotationGenerator_CalculateExpressionLevels'),(156,2,1,_binary '\0','2022-07-12 09:48:38','AnnotationGenerator_CompareExpressionLevels'),(157,2,1,_binary '\0','2022-07-12 09:48:38','AnnotationGenerator_com.biomatters.plugins.codonOptimization.CodonOptimizationSequenceAnnotationGenerator'),(158,2,1,_binary '\0','2022-07-12 09:48:39','AnnotationGenerator_com.biomatters.plugins.codonOptimization.CodonOptimizationSequenceAnnotationGenerator_backtranslate'),(159,2,1,_binary '\0','2022-07-12 09:48:39','AnnotationGenerator_ORF_Annotation_Generator'),(160,2,1,_binary '\0','2022-07-12 09:48:39','AnnotationGenerator_com.biomatters.plugins.sequenceSearchOperation.BlastAnnotationGenerator'),(161,2,1,_binary '\0','2022-07-12 09:48:39','AnnotationGenerator_com.biomatters.plugins.stripalignmentcolumns.StripAlignmentColumnsOperation'),(162,2,1,_binary '\0','2022-07-12 09:48:39','AnnotationGenerator_com.biomatters.plugins.coverage.CoverageAnnotationGenerator'),(163,2,1,_binary '\0','2022-07-12 09:48:40','AnnotationGenerator_com.biomatters.plugins.featureFinder.FeatureFinder_NUCLEOTIDE'),(164,2,1,_binary '\0','2022-07-12 09:48:40','AnnotationGenerator_com.biomatters.plugins.featureFinder.FeatureFinder_PROTEIN'),(165,2,1,_binary '\0','2022-07-12 09:48:40','AnnotationGenerator_com.biomatters.plugins.extractAnnotations.CompareAnnotationsAnnotationGenerator'),(166,2,1,_binary '\0','2022-07-12 09:48:40','AnnotationGenerator_com.biomatters.plugins.mutationFinder.MutationFinderAnnotationGenerator'),(167,2,1,_binary '\0','2022-07-12 09:48:40','AnnotationGenerator_com.biomatters.plugins.crispr.CRISPRAnnotationGenerator'),(168,2,1,_binary '\0','2022-07-12 09:48:41','AnnotationGenerator_com.biomatters.plugins.emboss.fuzz.FuzzAnnotationGenerator'),(169,2,1,_binary '\0','2022-07-12 09:48:41','AnnotationGenerator_com.biomatters.plugins.primerDesign.DesignAnnotationGenerator'),(170,2,1,_binary '\0','2022-07-12 09:48:41','AnnotationGenerator_com.biomatters.plugins.primerDesign.CharacteristicsAnnotationGenerator'),(171,2,1,_binary '\0','2022-07-12 09:48:41','AnnotationGenerator_com.biomatters.plugins.primerDesign.CharacteristicsAnnotationGenerator-hidden'),(172,2,1,_binary '\0','2022-07-12 09:48:41','AnnotationGenerator_com.biomatters.plugins.primerDesign.extension.AddExtensionGenerator'),(173,2,1,_binary '\0','2022-07-12 09:48:41','AnnotationGenerator_com.biomatters.plugins.primerDesign.MapPrimersAnnotationGenerator'),(174,2,1,_binary '\0','2022-07-12 09:48:42','AnnotationGenerator_com.biomatters.plugins.primerDesign.TestingAnnotationGenerator'),(175,2,1,_binary '\0','2022-07-12 09:48:42','AnnotationGenerator_SearchPrimersAnnotationGenerator'),(176,2,1,_binary '\0','2022-07-12 09:48:42','AnnotationGenerator_AddPrimersAnnotationGenerator'),(177,2,1,_binary '\0','2022-07-12 09:48:42','AnnotationGenerator_com.biomatters.plugins.restrictionAnalysis.RestrictionSiteAnnotationGenerator'),(178,2,1,_binary '\0','2022-07-12 09:48:42','AnnotationGenerator_com.biomatters.plugins.cloning.gateway.annotator.AttAnnotationGenerator'),(179,2,1,_binary '\0','2022-07-12 09:48:43','AnnotationGenerator_com.biomatters.plugins.cloning.silentmutationanalysis.SilentMutationGenerator'),(180,2,1,_binary '\0','2022-07-12 09:48:43','AnnotationGenerator_com.biomatters.plugins.alignment.TrimAnnotationGenerator'),(202,2,1,_binary '\0','2022-07-12 09:50:12','workflowStorage'),(203,2,1,_binary '\0','2022-07-12 09:50:13','resumableOperations'),(205,2,1,_binary '\0','2022-07-12 09:50:47','referencedOnlyImportFolder'),(227,2,1,_binary '\0','2022-07-12 09:53:33','workflowStorage'),(228,2,1,_binary '\0','2022-07-12 09:53:33','resumableOperations'),(252,2,1,_binary '\0','2022-07-12 14:23:47','Operation_BBDuk'),(253,2,1,_binary '\0','2022-07-12 14:23:47','Operation_com.biomatters.plugins.cloning.infusion.InFusionOperation'),(277,2,1,_binary '\0','2022-07-13 15:25:37','agents');
/*!40000 ALTER TABLE `folder` ENABLE KEYS */;
UNLOCK TABLES;

--
-- Table structure for table `folder_view`
--

DROP TABLE IF EXISTS `folder_view`;
/*!40101 SET @saved_cs_client     = @@character_set_client */;
/*!50503 SET character_set_client = utf8mb4 */;
CREATE TABLE `folder_view` (
  `folder_id` int NOT NULL,
  `document_urn` varchar(255) NOT NULL,
  `modified` timestamp NOT NULL,
  PRIMARY KEY (`folder_id`,`document_urn`),
  CONSTRAINT `folder_view_ibfk_1` FOREIGN KEY (`folder_id`) REFERENCES `folder` (`id`) ON DELETE CASCADE
) ENGINE=InnoDB DEFAULT CHARSET=utf8mb4 COLLATE=utf8mb4_0900_ai_ci;
/*!40101 SET character_set_client = @saved_cs_client */;

--
-- Dumping data for table `folder_view`
--

LOCK TABLES `folder_view` WRITE;
/*!40000 ALTER TABLE `folder_view` DISABLE KEYS */;
/*!40000 ALTER TABLE `folder_view` ENABLE KEYS */;
UNLOCK TABLES;

--
-- Table structure for table `g_group`
--

DROP TABLE IF EXISTS `g_group`;
/*!40101 SET @saved_cs_client     = @@character_set_client */;
/*!50503 SET character_set_client = utf8mb4 */;
CREATE TABLE `g_group` (
  `id` int NOT NULL,
  `name` varchar(255) NOT NULL,
  PRIMARY KEY (`id`)
) ENGINE=InnoDB DEFAULT CHARSET=utf8mb4 COLLATE=utf8mb4_0900_ai_ci;
/*!40101 SET character_set_client = @saved_cs_client */;

--
-- Dumping data for table `g_group`
--

LOCK TABLES `g_group` WRITE;
/*!40000 ALTER TABLE `g_group` DISABLE KEYS */;
INSERT INTO `g_group` VALUES (1,'Everybody'),(2,'Hidden');
/*!40000 ALTER TABLE `g_group` ENABLE KEYS */;
UNLOCK TABLES;

--
-- Table structure for table `g_role`
--

DROP TABLE IF EXISTS `g_role`;
/*!40101 SET @saved_cs_client     = @@character_set_client */;
/*!50503 SET character_set_client = utf8mb4 */;
CREATE TABLE `g_role` (
  `id` int NOT NULL,
  `name` varchar(255) NOT NULL,
  PRIMARY KEY (`id`)
) ENGINE=InnoDB DEFAULT CHARSET=utf8mb4 COLLATE=utf8mb4_0900_ai_ci;
/*!40101 SET character_set_client = @saved_cs_client */;

--
-- Dumping data for table `g_role`
--

LOCK TABLES `g_role` WRITE;
/*!40000 ALTER TABLE `g_role` DISABLE KEYS */;
INSERT INTO `g_role` VALUES (0,'Admin'),(1,'Edit'),(2,'View');
/*!40000 ALTER TABLE `g_role` ENABLE KEYS */;
UNLOCK TABLES;

--
-- Table structure for table `g_user`
--

DROP TABLE IF EXISTS `g_user`;
/*!40101 SET @saved_cs_client     = @@character_set_client */;
/*!50503 SET character_set_client = utf8mb4 */;
CREATE TABLE `g_user` (
  `id` int NOT NULL,
  `primary_group_id` int NOT NULL,
  `username` varchar(255) NOT NULL,
  PRIMARY KEY (`id`)
) ENGINE=InnoDB DEFAULT CHARSET=utf8mb4 COLLATE=utf8mb4_0900_ai_ci;
/*!40101 SET character_set_client = @saved_cs_client */;

--
-- Dumping data for table `g_user`
--

LOCK TABLES `g_user` WRITE;
/*!40000 ALTER TABLE `g_user` DISABLE KEYS */;
INSERT INTO `g_user` VALUES (-1,1,'Global'),(1,1,'root'),(26,1,'skar'),(51,1,'brittany');
/*!40000 ALTER TABLE `g_user` ENABLE KEYS */;
UNLOCK TABLES;

--
-- Table structure for table `g_user_group_role`
--

DROP TABLE IF EXISTS `g_user_group_role`;
/*!40101 SET @saved_cs_client     = @@character_set_client */;
/*!50503 SET character_set_client = utf8mb4 */;
CREATE TABLE `g_user_group_role` (
  `g_user_id` int NOT NULL,
  `g_group_id` int NOT NULL,
  `g_role_id` int NOT NULL,
  PRIMARY KEY (`g_user_id`,`g_group_id`,`g_role_id`),
  KEY `g_group_id` (`g_group_id`),
  KEY `g_role_id` (`g_role_id`),
  CONSTRAINT `g_user_group_role_ibfk_1` FOREIGN KEY (`g_user_id`) REFERENCES `g_user` (`id`) ON DELETE CASCADE,
  CONSTRAINT `g_user_group_role_ibfk_2` FOREIGN KEY (`g_group_id`) REFERENCES `g_group` (`id`) ON DELETE CASCADE,
  CONSTRAINT `g_user_group_role_ibfk_3` FOREIGN KEY (`g_role_id`) REFERENCES `g_role` (`id`) ON DELETE CASCADE
) ENGINE=InnoDB DEFAULT CHARSET=utf8mb4 COLLATE=utf8mb4_0900_ai_ci;
/*!40101 SET character_set_client = @saved_cs_client */;

--
-- Dumping data for table `g_user_group_role`
--

LOCK TABLES `g_user_group_role` WRITE;
/*!40000 ALTER TABLE `g_user_group_role` DISABLE KEYS */;
INSERT INTO `g_user_group_role` VALUES (1,1,1),(26,1,1),(51,1,1);
/*!40000 ALTER TABLE `g_user_group_role` ENABLE KEYS */;
UNLOCK TABLES;

--
-- Table structure for table `hidden_folder_to_user`
--

DROP TABLE IF EXISTS `hidden_folder_to_user`;
/*!40101 SET @saved_cs_client     = @@character_set_client */;
/*!50503 SET character_set_client = utf8mb4 */;
CREATE TABLE `hidden_folder_to_user` (
  `hidden_folder_id` int NOT NULL,
  `user_id` int DEFAULT NULL,
  PRIMARY KEY (`hidden_folder_id`),
  KEY `user_id` (`user_id`),
  CONSTRAINT `hidden_folder_to_user_ibfk_1` FOREIGN KEY (`hidden_folder_id`) REFERENCES `folder` (`id`) ON DELETE CASCADE,
  CONSTRAINT `hidden_folder_to_user_ibfk_2` FOREIGN KEY (`user_id`) REFERENCES `g_user` (`id`) ON DELETE CASCADE
) ENGINE=InnoDB DEFAULT CHARSET=utf8mb4 COLLATE=utf8mb4_0900_ai_ci;
/*!40101 SET character_set_client = @saved_cs_client */;

--
-- Dumping data for table `hidden_folder_to_user`
--

LOCK TABLES `hidden_folder_to_user` WRITE;
/*!40000 ALTER TABLE `hidden_folder_to_user` DISABLE KEYS */;
INSERT INTO `hidden_folder_to_user` VALUES (4,1),(9,1),(131,1),(202,26),(203,26),(205,26),(277,26),(227,51),(228,51);
/*!40000 ALTER TABLE `hidden_folder_to_user` ENABLE KEYS */;
UNLOCK TABLES;

--
-- Table structure for table `indexing_queue`
--

DROP TABLE IF EXISTS `indexing_queue`;
/*!40101 SET @saved_cs_client     = @@character_set_client */;
/*!50503 SET character_set_client = utf8mb4 */;
CREATE TABLE `indexing_queue` (
  `document_id` int NOT NULL,
  `g_user_id` int DEFAULT NULL,
  `reserved` datetime DEFAULT NULL,
  PRIMARY KEY (`document_id`),
  KEY `g_user_id` (`g_user_id`),
  CONSTRAINT `indexing_queue_ibfk_1` FOREIGN KEY (`document_id`) REFERENCES `annotated_document` (`id`) ON DELETE CASCADE,
  CONSTRAINT `indexing_queue_ibfk_2` FOREIGN KEY (`g_user_id`) REFERENCES `g_user` (`id`) ON DELETE SET NULL
) ENGINE=InnoDB DEFAULT CHARSET=utf8mb4 COLLATE=utf8mb4_0900_ai_ci;
/*!40101 SET character_set_client = @saved_cs_client */;

--
-- Dumping data for table `indexing_queue`
--

LOCK TABLES `indexing_queue` WRITE;
/*!40000 ALTER TABLE `indexing_queue` DISABLE KEYS */;
/*!40000 ALTER TABLE `indexing_queue` ENABLE KEYS */;
UNLOCK TABLES;

--
-- Table structure for table `integer_search_field_value`
--

DROP TABLE IF EXISTS `integer_search_field_value`;
/*!40101 SET @saved_cs_client     = @@character_set_client */;
/*!50503 SET character_set_client = utf8mb4 */;
CREATE TABLE `integer_search_field_value` (
  `id` int NOT NULL,
  `annotated_document_id` int NOT NULL,
  `search_field_code` varchar(255) NOT NULL,
  `value` int NOT NULL,
  PRIMARY KEY (`id`),
  KEY `annotated_document_id` (`annotated_document_id`),
  KEY `search_field_code` (`search_field_code`),
  CONSTRAINT `integer_search_field_value_ibfk_1` FOREIGN KEY (`annotated_document_id`) REFERENCES `annotated_document` (`id`) ON DELETE CASCADE,
  CONSTRAINT `integer_search_field_value_ibfk_2` FOREIGN KEY (`search_field_code`) REFERENCES `search_field` (`code`) ON DELETE CASCADE
) ENGINE=InnoDB DEFAULT CHARSET=utf8mb4 COLLATE=utf8mb4_0900_ai_ci;
/*!40101 SET character_set_client = @saved_cs_client */;

--
-- Dumping data for table `integer_search_field_value`
--

LOCK TABLES `integer_search_field_value` WRITE;
/*!40000 ALTER TABLE `integer_search_field_value` DISABLE KEYS */;
INSERT INTO `integer_search_field_value` VALUES (64,32,'document_size',11065),(65,32,'sequence_length',10804),(66,33,'document_size',11287),(67,33,'sequence_length',11026),(68,34,'document_size',10843),(69,34,'sequence_length',10582);
/*!40000 ALTER TABLE `integer_search_field_value` ENABLE KEYS */;
UNLOCK TABLES;

--
-- Table structure for table `long_search_field_value`
--

DROP TABLE IF EXISTS `long_search_field_value`;
/*!40101 SET @saved_cs_client     = @@character_set_client */;
/*!50503 SET character_set_client = utf8mb4 */;
CREATE TABLE `long_search_field_value` (
  `id` int NOT NULL,
  `annotated_document_id` int NOT NULL,
  `search_field_code` varchar(255) NOT NULL,
  `value` bigint NOT NULL,
  PRIMARY KEY (`id`),
  KEY `annotated_document_id` (`annotated_document_id`),
  KEY `search_field_code` (`search_field_code`),
  CONSTRAINT `long_search_field_value_ibfk_1` FOREIGN KEY (`annotated_document_id`) REFERENCES `annotated_document` (`id`) ON DELETE CASCADE,
  CONSTRAINT `long_search_field_value_ibfk_2` FOREIGN KEY (`search_field_code`) REFERENCES `search_field` (`code`) ON DELETE CASCADE
) ENGINE=InnoDB DEFAULT CHARSET=utf8mb4 COLLATE=utf8mb4_0900_ai_ci;
/*!40101 SET character_set_client = @saved_cs_client */;

--
-- Dumping data for table `long_search_field_value`
--

LOCK TABLES `long_search_field_value` WRITE;
/*!40000 ALTER TABLE `long_search_field_value` DISABLE KEYS */;
/*!40000 ALTER TABLE `long_search_field_value` ENABLE KEYS */;
UNLOCK TABLES;

--
-- Table structure for table `metadata`
--

DROP TABLE IF EXISTS `metadata`;
/*!40101 SET @saved_cs_client     = @@character_set_client */;
/*!50503 SET character_set_client = utf8mb4 */;
CREATE TABLE `metadata` (
  `identifier` varchar(80) NOT NULL,
  `value` varchar(255) DEFAULT NULL,
  PRIMARY KEY (`identifier`)
) ENGINE=InnoDB DEFAULT CHARSET=utf8mb4 COLLATE=utf8mb4_0900_ai_ci;
/*!40101 SET character_set_client = @saved_cs_client */;

--
-- Dumping data for table `metadata`
--

LOCK TABLES `metadata` WRITE;
/*!40000 ALTER TABLE `metadata` DISABLE KEYS */;
INSERT INTO `metadata` VALUES ('minimum_version_of_geneious_required_to_read_this_schema','5.6.0'),('store_document_file_data_on_server_file_system_rather_than_database','false'),('version_of_geneious_that_introduced_this_schema','7.1.0'),('versionWhenIndexRebuilt','2022.1.1');
/*!40000 ALTER TABLE `metadata` ENABLE KEYS */;
UNLOCK TABLES;

--
-- Table structure for table `next_table_id`
--

DROP TABLE IF EXISTS `next_table_id`;
/*!40101 SET @saved_cs_client     = @@character_set_client */;
/*!50503 SET character_set_client = utf8mb4 */;
CREATE TABLE `next_table_id` (
  `table_name` varchar(50) NOT NULL,
  `next_id` int DEFAULT NULL,
  PRIMARY KEY (`table_name`)
) ENGINE=InnoDB DEFAULT CHARSET=utf8mb4 COLLATE=utf8mb4_0900_ai_ci;
/*!40101 SET character_set_client = @saved_cs_client */;

--
-- Dumping data for table `next_table_id`
--

LOCK TABLES `next_table_id` WRITE;
/*!40000 ALTER TABLE `next_table_id` DISABLE KEYS */;
INSERT INTO `next_table_id` VALUES ('additional_document_xml',0),('annotated_document',50),('boolean_search_field_value',50),('date_search_field_value',75),('document_file_data',0),('double_search_field_value',75),('float_search_field_value',0),('folder',301),('g_group',2),('g_role',0),('g_user',75),('integer_search_field_value',125),('long_search_field_value',50),('special_element',25),('string_search_field_value',400);
/*!40000 ALTER TABLE `next_table_id` ENABLE KEYS */;
UNLOCK TABLES;

--
-- Table structure for table `search_field`
--

DROP TABLE IF EXISTS `search_field`;
/*!40101 SET @saved_cs_client     = @@character_set_client */;
/*!50503 SET character_set_client = utf8mb4 */;
CREATE TABLE `search_field` (
  `code` varchar(255) NOT NULL,
  `field_xml` longtext NOT NULL,
  PRIMARY KEY (`code`)
) ENGINE=InnoDB DEFAULT CHARSET=utf8mb4 COLLATE=utf8mb4_0900_ai_ci;
/*!40101 SET character_set_client = @saved_cs_client */;

--
-- Dumping data for table `search_field`
--

LOCK TABLES `search_field` WRITE;
/*!40000 ALTER TABLE `search_field` DISABLE KEYS */;
INSERT INTO `search_field` VALUES ('Alignment_method','<DocumentField>\r\n  <name>Alignment method</name>\r\n  <description>The Alignment method used to create this document</description>\r\n  <code>Alignment_method</code>\r\n  <type>java.lang.String</type>\r\n  <defaultVisible>true</defaultVisible>\r\n</DocumentField>'),('cache_created','<DocumentField>\r\n  <name>Created</name>\r\n  <description>The date this document was originally created</description>\r\n  <code>cache_created</code>\r\n  <type>java.util.Date</type>\r\n  <isEditable>true</isEditable>\r\n</DocumentField>'),('cache_name','<DocumentField>\r\n  <name>Name</name>\r\n  <description>document name</description>\r\n  <code>cache_name</code>\r\n  <type>java.lang.String</type>\r\n  <defaultVisible>true</defaultVisible>\r\n  <isEditable>true</isEditable>\r\n</DocumentField>'),('content','<DocumentField>\r\n  <name>Content</name>\r\n  <description>text contents of a document</description>\r\n  <code>content</code>\r\n  <type>java.lang.String</type>\r\n  <defaultVisible>true</defaultVisible>\r\n</DocumentField>'),('description','<DocumentField>\r\n  <name>Description</name>\r\n  <description>A brief description of this document</description>\r\n  <code>description</code>\r\n  <type>java.lang.String</type>\r\n  <defaultVisible>true</defaultVisible>\r\n  <isEditable>true</isEditable>\r\n</DocumentField>'),('display_urn','<DocumentField>\r\n  <name>URN</name>\r\n  <description>Unique identifier for each document</description>\r\n  <code>display_urn</code>\r\n  <type>java.lang.String</type>\r\n</DocumentField>'),('document_size','<DocumentField>\r\n  <name>Size</name>\r\n  <description>Size of the document in bytes</description>\r\n  <code>document_size</code>\r\n  <type>com.biomatters.utilities.LongDisplayedAsBytes</type>\r\n</DocumentField>'),('documentclass','<DocumentField>\r\n  <name>Document type</name>\r\n  <description>Geneious document type</description>\r\n  <code>documentclass</code>\r\n  <type>java.lang.String</type>\r\n  <defaultVisible>true</defaultVisible>\r\n  <enumerationOptions>\r\n    <value>3D structure</value>\r\n    <value>Alias</value>\r\n    <value>Alignment</value>\r\n    <value>Amino Acid Sequence</value>\r\n    <value>Article</value>\r\n    <value>BLAST nucleotide hit</value>\r\n    <value>BLAST protein hit</value>\r\n    <value>Chromatogram</value>\r\n    <value>Codon Usage Table</value>\r\n    <value>Contig</value>\r\n    <value>Discontinued Gene Summary</value>\r\n    <value>Image</value>\r\n    <value>NCBI Summary</value>\r\n    <value>Nucleotide Sequence</value>\r\n    <value>Nucleotide Sequence List</value>\r\n    <value>Oligonucleotide (Primer/Probe)</value>\r\n    <value>PDF Document</value>\r\n    <value>Pfam Clan</value>\r\n    <value>Pfam Domain</value>\r\n    <value>Pfam Domain Sequence</value>\r\n    <value>Protein Sequence List</value>\r\n    <value>Publication</value>\r\n    <value>Restriction Enzyme Collection</value>\r\n    <value>Sequence</value>\r\n    <value>Sequence list</value>\r\n    <value>Taxonomy</value>\r\n    <value>Text Document</value>\r\n    <value>Tree</value>\r\n    <value>Tutorial</value>\r\n  </enumerationOptions>\r\n</DocumentField>'),('freeEndGaps','<DocumentField>\r\n  <name>Free end gaps</name>\r\n  <description>Whether this alignment has free end gaps</description>\r\n  <code>freeEndGaps</code>\r\n  <type>java.lang.Boolean</type>\r\n  <isEditable>true</isEditable>\r\n</DocumentField>'),('gcPercent','<DocumentField>\r\n  <name>% GC</name>\r\n  <description>The percentage of A, C, G, T, U, S, W nucleotides (excluding reference sequence) that are either G, C, or S</description>\r\n  <code>gcPercent</code>\r\n  <type>com.biomatters.geneious.publicapi.implementations.Percentage</type>\r\n  <defaultVisible>true</defaultVisible>\r\n</DocumentField>'),('importedFrom.filename','<DocumentField>\r\n  <name>Filename (Imported From)</name>\r\n  <description></description>\r\n  <code>importedFrom.filename</code>\r\n  <type>java.lang.String</type>\r\n  <defaultVisible>true</defaultVisible>\r\n  <isEditable>true</isEditable>\r\n</DocumentField>'),('importedFrom.path','<DocumentField>\r\n  <name>Path (Imported From)</name>\r\n  <description></description>\r\n  <code>importedFrom.path</code>\r\n  <type>java.lang.String</type>\r\n  <defaultVisible>true</defaultVisible>\r\n  <isEditable>true</isEditable>\r\n</DocumentField>'),('maximumSequenceLength','<DocumentField>\r\n  <name>Max Sequence Length</name>\r\n  <description>The maximum length of non-reference sequences in a sequence list or alignment</description>\r\n  <code>maximumSequenceLength</code>\r\n  <type>java.lang.Integer</type>\r\n  <defaultVisible>true</defaultVisible>\r\n</DocumentField>'),('meanCoverage','<DocumentField>\r\n  <name>Mean Coverage</name>\r\n  <description>Mean number of sequences covering a column in the assembly</description>\r\n  <code>meanCoverage</code>\r\n  <type>java.lang.Double</type>\r\n</DocumentField>'),('minimumSequenceLength','<DocumentField>\r\n  <name>Min Sequence Length</name>\r\n  <description>The minimum length of non-reference sequences in a sequence list or alignment</description>\r\n  <code>minimumSequenceLength</code>\r\n  <type>java.lang.Integer</type>\r\n  <defaultVisible>true</defaultVisible>\r\n</DocumentField>'),('modified_date','<DocumentField>\r\n  <name>Modified</name>\r\n  <description>The date this document was last modified</description>\r\n  <code>modified_date</code>\r\n  <type>java.util.Date</type>\r\n  <defaultVisible>true</defaultVisible>\r\n  <isEditable>true</isEditable>\r\n</DocumentField>'),('molType','<DocumentField>\r\n  <name>Molecule Type</name>\r\n  <description>The molecule type of the sequence</description>\r\n  <code>molType</code>\r\n  <type>java.lang.String</type>\r\n  <defaultVisible>true</defaultVisible>\r\n  <isEditable>true</isEditable>\r\n</DocumentField>'),('nucleotidesCount','<DocumentField>\r\n  <name># Nucleotides</name>\r\n  <description>The total number of nucleotides, summed across all sequences in a sequence list</description>\r\n  <code>nucleotidesCount</code>\r\n  <type>java.lang.Long</type>\r\n</DocumentField>'),('nucleotideSequenceWithMatesCount','<DocumentField>\r\n  <name># Nucleotide Sequences With Mates</name>\r\n  <description>The number of nucleotide sequences in an alignment or set of sequences that are paired with another sequence</description>\r\n  <code>nucleotideSequenceWithMatesCount</code>\r\n  <type>java.lang.Integer</type>\r\n</DocumentField>'),('number_of_sequences','<DocumentField>\r\n  <name># Sequences</name>\r\n  <description>The number of sequences in an alignment or set of sequences</description>\r\n  <code>number_of_sequences</code>\r\n  <type>java.lang.Integer</type>\r\n  <defaultVisible>true</defaultVisible>\r\n</DocumentField>'),('organism','<DocumentField>\r\n  <name>Organism</name>\r\n  <description>The organism of the document</description>\r\n  <code>organism</code>\r\n  <type>java.lang.String</type>\r\n  <defaultVisible>true</defaultVisible>\r\n  <isEditable>true</isEditable>\r\n</DocumentField>'),('percentage_identical','<DocumentField>\r\n  <name>% Identical Sites</name>\r\n  <description>The percentage of columns in the alignment for which all sequence are identical</description>\r\n  <code>percentage_identical</code>\r\n  <type>com.biomatters.geneious.publicapi.implementations.Percentage</type>\r\n  <defaultVisible>true</defaultVisible>\r\n</DocumentField>'),('percentage_similarity','<DocumentField>\r\n  <name>% Pairwise Identity</name>\r\n  <description>The percentage of pairwise residues that are identical in the alignment, including gap versus non-gap residues, but excluding gap versus gap residues.</description>\r\n  <code>percentage_similarity</code>\r\n  <type>com.biomatters.geneious.publicapi.implementations.Percentage</type>\r\n  <defaultVisible>true</defaultVisible>\r\n</DocumentField>'),('referenceSequenceIndex','<DocumentField>\r\n  <name>Ref Seq Index</name>\r\n  <description>The index of the reference sequence in a contig or -1 if there is no reference sequence</description>\r\n  <code>referenceSequenceIndex</code>\r\n  <type>java.lang.Integer</type>\r\n</DocumentField>'),('referenceSequenceLength','<DocumentField>\r\n  <name>Ref Seq Length</name>\r\n  <description>The length of the reference sequence in a contig</description>\r\n  <code>referenceSequenceLength</code>\r\n  <type>java.lang.Integer</type>\r\n</DocumentField>'),('referenceSequenceName','<DocumentField>\r\n  <name>Ref Seq Name</name>\r\n  <description>The name of the reference sequence in a contig or alignment</description>\r\n  <code>referenceSequenceName</code>\r\n  <type>java.lang.String</type>\r\n</DocumentField>'),('sequence_length','<DocumentField>\r\n  <name>Sequence Length</name>\r\n  <description>Residue length of the sequence</description>\r\n  <code>sequence_length</code>\r\n  <type>java.lang.Integer</type>\r\n  <defaultVisible>true</defaultVisible>\r\n</DocumentField>'),('sequence_residues','<DocumentField>\r\n  <name>First Residues</name>\r\n  <description>Sequence Residues</description>\r\n  <code>sequence_residues</code>\r\n  <type>java.lang.String</type>\r\n</DocumentField>'),('sequenceListOrderingRevisionNumber','<DocumentField>\r\n  <name>SequenceListOrderingRevisionNumber</name>\r\n  <description>A special revision number incremented each time the sequence list is reordered</description>\r\n  <code>sequenceListOrderingRevisionNumber</code>\r\n  <type>java.lang.Integer</type>\r\n</DocumentField>'),('topology','<DocumentField>\r\n  <name>Topology</name>\r\n  <description>The topology of the sequence (either linear or circular)</description>\r\n  <code>topology</code>\r\n  <type>java.lang.String</type>\r\n  <defaultVisible>true</defaultVisible>\r\n  <isEditable>true</isEditable>\r\n  <enumerationOptions>\r\n    <value>linear</value>\r\n    <value>circular</value>\r\n  </enumerationOptions>\r\n</DocumentField>');
/*!40000 ALTER TABLE `search_field` ENABLE KEYS */;
UNLOCK TABLES;

--
-- Table structure for table `special_element`
--

DROP TABLE IF EXISTS `special_element`;
/*!40101 SET @saved_cs_client     = @@character_set_client */;
/*!50503 SET character_set_client = utf8mb4 */;
CREATE TABLE `special_element` (
  `folder_id` int NOT NULL,
  `modified` timestamp NOT NULL,
  `xml` longtext NOT NULL,
  `name` varchar(255) NOT NULL,
  PRIMARY KEY (`folder_id`,`name`),
  CONSTRAINT `special_element_ibfk_1` FOREIGN KEY (`folder_id`) REFERENCES `folder` (`id`) ON DELETE CASCADE
) ENGINE=InnoDB DEFAULT CHARSET=utf8mb4 COLLATE=utf8mb4_0900_ai_ci;
/*!40101 SET character_set_client = @saved_cs_client */;

--
-- Dumping data for table `special_element`
--

LOCK TABLES `special_element` WRITE;
/*!40000 ALTER TABLE `special_element` DISABLE KEYS */;
INSERT INTO `special_element` VALUES (2,'2022-07-12 09:50:37','<NoteType>\r\n  <name>Imported From</name>\r\n  <code>importedFrom</code>\r\n  <description>Imported From</description>\r\n  <isVisible>true</isVisible>\r\n  <isDefaultVisibleInTable>true</isDefaultVisibleInTable>\r\n  <modifiedDate>1656601395398</modifiedDate>\r\n  <fields>\r\n    <field>\r\n      <name>Path</name>\r\n      <description />\r\n      <code>path</code>\r\n      <editable>true</editable>\r\n      <userModifiable>false</userModifiable>\r\n      <type>java.lang.String</type>\r\n      <constraints />\r\n    </field>\r\n    <field>\r\n      <name>Filename</name>\r\n      <description />\r\n      <code>filename</code>\r\n      <editable>true</editable>\r\n      <userModifiable>false</userModifiable>\r\n      <type>java.lang.String</type>\r\n      <constraints />\r\n    </field>\r\n  </fields>\r\n</NoteType>','1');
/*!40000 ALTER TABLE `special_element` ENABLE KEYS */;
UNLOCK TABLES;

--
-- Table structure for table `string_search_field_value`
--

DROP TABLE IF EXISTS `string_search_field_value`;
/*!40101 SET @saved_cs_client     = @@character_set_client */;
/*!50503 SET character_set_client = utf8mb4 */;
CREATE TABLE `string_search_field_value` (
  `id` int NOT NULL,
  `annotated_document_id` int NOT NULL,
  `search_field_code` varchar(255) NOT NULL,
  `value` longtext NOT NULL,
  PRIMARY KEY (`id`),
  KEY `annotated_document_id` (`annotated_document_id`),
  KEY `search_field_code` (`search_field_code`),
  KEY `string_value_index` (`value`(255)),
  CONSTRAINT `string_search_field_value_ibfk_1` FOREIGN KEY (`annotated_document_id`) REFERENCES `annotated_document` (`id`) ON DELETE CASCADE,
  CONSTRAINT `string_search_field_value_ibfk_2` FOREIGN KEY (`search_field_code`) REFERENCES `search_field` (`code`) ON DELETE CASCADE
) ENGINE=InnoDB DEFAULT CHARSET=utf8mb4 COLLATE=utf8mb4_0900_ai_ci;
/*!40101 SET character_set_client = @saved_cs_client */;

--
-- Dumping data for table `string_search_field_value`
--

LOCK TABLES `string_search_field_value` WRITE;
/*!40000 ALTER TABLE `string_search_field_value` DISABLE KEYS */;
INSERT INTO `string_search_field_value` VALUES (219,32,'documentclass','NUCLEOTIDE SEQUENCE'),(220,32,'documentclass','SEQUENCE'),(221,32,'cache_name','SBEIIA-2D'),(222,32,'description','GENOMIC DNA'),(223,32,'display_urn','URN:LOCAL:GONZALEO:28-F1TLO8A'),(224,32,'sequence_residues','AGGTAAACGCGCTCCCAGCCGTTGGTTTGCGATCTCGTCCTCCCGCACGCAGCGTCGCCTCCACCGTCCGTCCGTCGCTCTCTGCCACCTCTGCTGTGCGCGCGCACGAGGGAGGAAGACGACGCCGCACACACACTCACACACGGCACACTCCCCGTGGGTCCCCTTTCCGGCTCGGCGTCTATCTCCTCTCCCCCGCCCATCCCCATGCACTGCACCGTACCCGCCAGCTTCCACCCCCGCCGCACACGTTGCTCCCCCTTCTCATCGCTTCTCAATTAATATCTCCATCACTCGGGTTCCGCGCTGCATTTCGGCCGGCGGGTTGAGTGAGATCTGGGCGACTGGCTGACTCAATCACTACGCGGGGATGGCGACGTTCGCGGTGTCCGGCGCGACTCTCGGTGTGGCGCGGGCCGGCGTCGGAGTGGCGCGGGCCGGCTCGGAGCGGAGGGGCGGGGCGGACTTGCCGTCGCTGCTCCTCAGGAAGAAGGACTCCT'),(225,32,'topology','LINEAR'),(226,32,'molType','DNA'),(227,32,'organism','T. AESTIVUM'),(228,32,'content','GENOMIC DNA\n\n\n  1        10        20        30        40        50\n  |        |         |         |         |         |\n  AGGTAAACGCGCTCCCAGCCGTTGGTTTGCGATCTCGTCCTCCCGCACGC\n  AGCGTCGCCTCCACCGTCCGTCCGTCGCTCTCTGCCACCTCTGCTGTGCG\n  CGCGCACGAGGGAGGAAGACGACGCCGCACACACACTCACACACGGCACA\n  CTCCCCGTGGGTCCCCTTTCCGGCTCGGCGTCTATCTCCTCTCCCCCGCC\n  CATCCCCATGCACTGCACCGTACCCGCCAGCTTCCACCCCCGCCGCACAC\n  GTTGCTCCCCCTTCTCATCGCTTCTCAATTAATATCTCCATCACTCGGGT\n  TCCGCGCTGCATTTCGGCCGGCGGGTTGAGTGAGATCTGGGCGACTGGCT\n  GACTCAATCACTACGCGGGGATGGCGACGTTCGCGGTGTCCGGCGCGACT\n  CTCGGTGTGGCGCGGGCCGGCGTCGGAGTGGCGCGGGCCGGCTCGGAGCG\n  GAGGGGCGGGGCGGACTTGCCGTCGCTGCTCCTCAGGAAGAAGGACTCCT\n  CTCGTACGCCTCGCTCTCTCGAATCTCCCCGTCTGGCTTTGGCTCCCCTT\n  CTCTCTCCTCTGCGCGCGCATGGCCTGTTCGATGCTGTTCCCCAATTGAT\n  CTCCATGAGTGAGAGAGATAGCTGGATTAGGCGATCGCGCTTCCTGAACC\n  TGTATTTTTTTCCCCGCGGGGAAATGCGTTAGTGTCACCCAGGCCCTGGT\n  GTTACCACGGCTTTGATCATTCCTCGTTTCATTCTGATATATATTTTCTC\n  ACTCTTTTTCTTCCTGTTCTTGCTGTAACTGCAAGTTGTGGCGTTTTTTC\n  ACTATTGTAGTCATCCTTGCATTTTGCAGGCGCCGTCCTGAGCCGCGCGG\n  CCTCTCCAGGGAAGGTCCTGGTGCCTGACGGCGAGAGCGACGACTTGGCA\n  AGTCCGGCGCAACCTGAAGAATTACAGGTACACACACTCGTGCCGGTAAA\n  TCTTCATACAATCGTTATTCACTTACCAAATGCCGGATGAAACCAACCAC\n  GGATGCGTCAGGTTTCGAGCTTCTTCTATCAGCATTGTGCAGTACTGCAC\n  TGCCTTGTTCATTTTGTTAGCCTTGGCCCCGTGCTGGCTCTTGGGCCACT\n  GAAAAAATCAGATGGATGTGCATTCTAGCAAGAACTTCACAACATAATGC\n  ACCGTTTGGGGTTTCGTCAGTCTGCTCTACAATTGCTATTTTTCGTGCTG\n  TAGATACCTGAAGATATCGAGGAGCAAACGGCGGAAGTGAACATGACAGG\n  GGGGACTGCAGAGAAACTTCAATCTTCAGAACCGACTCAGGGCATTGTGG\n  AAACAATCACTGATGGTGTAACCAAAGGAGTTAAGGAACTAGTCGTGGGG\n  GAGAAACCGCGAGTTGTCCCAAAACCAGGAGATGGGCAGAAAATATACGA\n  GATTGACCCAACACTGAAAGATTTTCGGAGCCATCTTGACTACCGGTAAT\n  GCCTACCCGCTGCTTTCGCTCATTTTGAATTAAGGTCCTTTCATCATGCA\n  AATTTGGGGAACATCAAAGAGACAAAGACTAGGGACCACCATTTCATACA\n  GATCCCCTCGTGGTCTGAGAATATGCTGGGAAGTAAATGTATAATTGATG\n  GCTACAATTTGCTCAAAATTGCAATACGAATAACTGTCTCCGATCATTAC\n  AATTAAAGAGTGGCAAACTGATGAAAATGTGGTGGATGGGTTATAGATTT\n  TACTTTGCTAATTCCTCTACCAAATTCCTAGGGGGGAAATCTACCAGTTG\n  GGAAACTTAGTTTCTTATCTTTGTGGCCTTTTTGTTTTGGGGAAAACACA\n  TTGCTAAATTCGAATGATTTTGGGTATACCTCGGTGGATTCAACAGATAC\n  AGCGAATACAAGAGAATTCGTGCTGCTATTGACCAACATGAAGGTGGATT\n  GGAAGCATTTTCTCGTGGTTATGAAAAGCTTGGATTTACCCGCAGGTAAA\n  TTTAAAGCTTTATTATTATGAAACGCCTCCACTAGTCTAATTGCATATCT\n  TATAAGAAAATTTATAATTCCTGTTTTCCCCTCTCTTTTTTCCAGTGCTG\n  AAGGTATCGTCTAATTGCATATCTTATAAGAAAATTTATATTCCTGTTTT\n  CCCCTATTTTCCAGTGCTGAAGGTATCACTTACCGAGAATGGGCTCCTGG\n  AGCGCATGTATGTCTTTTAAGTCTTAACAGACACCTTCCAATTTATTGTT\n  AATGGTCACTATTCACCAACTAGCTTACTGGACTTACAAATTAGCTTACT\n  GAATACTGACCAGTTACTATAAATTTATGATCTGGCTTTTGCACCCTGTT\n  ACAGTCTGCAGCATTAGTAGGTGACTTCAACAATTGGAATCCAAATGCAG\n  ATGCTATGACCAGAGTATGTCTACAGCTTGGCAATTTTCCACCTTTGCTT\n  CATAACTACTGATACATCTATTTGTATTTATTTAGCTGTTTGCACATTCC\n  TTAAAGTTGAGCCTCAACTACATCATATCAAAATGGTATAATTTGTCAGT\n  GTCTTAAGCTTCAGCCCAAAGATTCTACTGAATTTAGTCCATCTTTTTGA\n  GATTGAAAATGAGTATATTAAGGATGAATGAATACGTGCAACACTCCCAT\n  CTGCATTATGTGTGCTTTTCCATCTACAATGAGCATATTTCCATGCTATC\n  AGTGAAGGTTTGCTCCTATTGATGCAGATATTTGATATGGTCTTTTCAGG\n  ATGATTATGGTGTTTGGGAGATTTTCCTCCCTAACAACGCTGATGGATCC\n  TCAGCTATTCCTCATGGCTCACGTGTAAAGGTAAGCTGGCCAATTATTTA\n  GTCGAGGATGTAGCATTTTCGAACTCTGCCTACTAAGGGTCCCTTTTCCT\n  CTCTGTTTTTTAGATACGGATGGATACTCCATCCGGTGTGAAGGATTCAA\n  TTTCTGCTTGGATCAAGTTCTCTGTGCAGGCTCCAGGTGAAATACCTTTC\n  AATGGCATATATTATGATCCACCTGAAGAGGTAAGTATCGATCTACATTA\n  CATTATTAAATGAAATTTCCAGTGTTACAGTTTTTTAATACCCACTTCTT\n  ACTGACATGTGAGTCAAGACAATACTTTTGAATTTGGAAGTGACATATGC\n  ATTAATTCACCTTCTAAGGGCTAAGGGGCAACCAACCTTGGTGATGTGTG\n  TATGCTTGTGTGTGACATAAGATCTTATAGCTCTTTTATGTGTTCTCTGT\n  TGGTTAGGATATTCCATTTTGGCCTTTTGTGACCATTTACTAAGGATATT\n  TACATGCAAATGCAGGAGAAGTATGTCTTCCAACATCCTCAACCTAAACG\n  ACCAGAGTCACTAAGGATTTATGAATCACACATTGGAATGAGCAGCCCGG\n  TATGTCAATAAGTTATTTCACCTGTTTCTGGTCTGATGGTTTATTCTATG\n  GATTTTCTAGTTCTGTTATGTACTGTTAACATATTACATGGTGCATTCAC\n  TTGACAACCTCGATTTTATTTTCTAATGTCTTCATATTGGCAAGTGCAAA\n  ACTTTGCTTCCTCTTTGTCTGCTTGTTCTTTTGTCTTCTGTAAGATTTCC\n  ATTGCATTTGGAGGCAGTGGGCATGTGAAAGTCATATCTAATTTTTTTTT\n  TGTCAGAGCATAGTTATATGAATTCCATTGTTGTTGCAATAGCTCGGTAT\n  AATGTAACCATGTTACTAGCTTAAGATTTCCCACTTAGGATGTAAGAAAT\n  ATTGCATTGGAGCGTCTCCAGCAAGCCATTTCCTACCTTATTAATGAGAG\n  AGGGGGGGNNNNNNNNNNNNNNNNNNNNNNNNNNNNNNNNNNNNNNNNNN\n  NNNNNNNNNNNNNNNNNNNNNNNNNNNNNNNNNNNNNNNNNNNNNNNNNN\n  NNNNNNNNGCACAGGAACCGAAGATAAATTCATATGCTAATTTTAGGGAT\n  GAGGTGTTGCCAAGAATTAAAAGGCTTGGATACAATGCAGTGCAGATAAT\n  GGCAATCCAGGAGCATTCATACTATGCAAGCTTTGGGTATTCACACAATC\n  CATTTTTTTCTGTATACACCTCTTCACCCATTTGGAGCTATTACATCCTA\n  ATGCTTCATGCACATAAAATATTTGGATATAATTCTTTATTAGATATATA\n  GTACAACTACACTTAGTATTCTGACTTTTATGATCATTTTATTGTTGTTG\n  GCTTGTTCCAGGTACCATGTTACTAATTTTTTTGCACCAAGTAGCCGTTT\n  TGGAACTCCAGAGGACTTAAAATCCTTGATCGATAGAGCACATGAGCTTG\n  GTTTGCTTGTTCTTATGGATATTGTTCATAGGTAATTAGTCCAATTTAAT\n  TTTAGCTGTTTTACTGTTTATCTGGTATTCTAAAGGGAAAATCAGGCAAT\n  TATGATACATTGTCAAAAGCTAAGAGTGGCGAAAGTGAAATGTCAAAATC\n  TAGAGTGGCATAAGGAAAATTGGCAAAAACTAGTGGCAAAAATAAAATTT\n  TCCCATCCTAAATGGCAGGGCCCTATCGCCGAATATTTTTCCATTCTATA\n  TAATTGTGCTACGTGACTTCTTTTTTCTCAGATGTATTAAACCAGTTGGA\n  CATGAAATGTATTTGGTACATGTAGTAAACTGACAGTTCCATAGAATATC\n  GTTTTGTAATGGCAACACAATTTGATGCCATAGATGTGGATTGAGAAGTT\n  CAGATGCTATCAATAGAATTAATCAACTGGCCATGTACTCGTGGCACTAC\n  ATATAGTTTGCAAGTTGGAAAACTGACAGCAATACCTCACTGATAAGTGG\n  CCAGGCCCCACTTGCCAGCTTCATACTAGATGTTACTTCCCTGTTGAATT\n  CATTTGAACATATTACTTAAAGTTCTTCATTTGTCCTAAGTCAAACTTCT\n  TTAAGTTTGACCAAGTCTATTGGAAAATATATCAACATCTACAACACCAA\n  ATTACTTTGATCAGATTAACAATTTTTATTTTATTATATTAGCACATCTT\n  TGATGTTGTAGATATCAGCACATTTTTCTATAGACTTGGTCAAATATAGA\n  GAAGTTTGACTTAGGACAAATCTAGAACTTCAATCAATTTGGATCAGAGG\n  GAACATCAAATAATATAGATAGATGTCAACACTTCAACAAAAAAATCAGA\n  CCTTGTCACCATATATGCATCAGACCATCTGTTTGCTTTAGCCACTTGCT\n  TTCATATTTATGTGTTTGTACCTAATCTACTTTTCCTTCTACTTGGTTTG\n  GTTGATTCTATTTCAGTTGCATTGCTTCATCAATGATTTTGTGTACCCTG\n  CAGTCATTCGTCAAATAATACCCTTGACGGTTTGAATGGTTTCGATGGCA\n  CTGATACACATTACTTCCACGGTGGTCCACGCGGCCATCATTGGATGTGG\n  GATTCTCGTCTATTCAACTATGGGAGTTGGGAAGTATGTAGCTCTGACTT\n  CTGTCACCATATTTGGCTAACTGTTCCTGTTAATCTGTTCTTACACATGT\n  TGATATTCTATTCTTATGCAGGTATTGAGATTCTTACTGTCAAACGCGAG\n  ATGGTGGCTTGAAGAATATAAGTTTGATGGATTTCGATTTGATGGGGTGA\n  CCTCCATGATGTATACTCACCATGGATTACAAGTAAGTCATCAAGTGGTT\n  TCAGTAACTTTTTTAGGGCACTGAAACAATTGCTATGCATCATAACATGT\n  ATCATGATCAGGACTTGTGCTACGGAGTCTTAGATAGTTCCCTAGTATGC\n  TTGTACAATTTTACCTGATGAGATCATGGAAGATTGGAAGTGATTATTAT\n  TTATTTTCTTTCTAAGTTTGTTTCTTGTTCTAGATGACATTTACTGGGAA\n  CTATGGCGAATATTTTGGATTTGCTACTGATGTTGATGCGGTAGTTTACT\n  TGATGCTGGTCAACGATCTAATTCATGGACTTTATCCTGATGCTGTATCC\n  ATTGGTGAAGATGTAAGTGCTTACAGTATTTATGATTTTTAACTAGTTAA\n  GTAGTTTTATTTTGGGGATCAGTCTGTTACACTTTTTGTTAGGGGTAAAA\n  TCTCTCTTTTCATAACAATGCTAATTTATACCTTGTATGATAATGCATCA\n  CTTAGGTAATTTGAAAAGTGCAAGGGCATTCAAGCTTACGAGCATATTTT\n  TTGATGGCTGTAATTTATTTGATAGTATGCTTGTTTGGGTTTTTCAATAA\n  GTGGGAGTGTGTGACTAATGTTGTATTATTTATTTAATTGCGGAAGAAAT\n  GGGCAACCTTGTCAATTGCTTCAGAAGGCTAACTTTGATTCCATAAACGC\n  TTTGGAAATGAGAGGCTATTCCCAAGGACATGAATTATACTTCAGTGTGT\n  TCTGTACATGTATTTGTAATAGTGGTTTAACTTAAATTCCTGCACTGCTA\n  TGGAATCTCACTGTATGTTGTTAGTGTACACATCCACAAACAAGTAATCC\n  TGAACTTTCAACTCATGAGAAAATAGGAGGTTCCGCTTCTGCCAGCATTA\n  ACTGTTCACAGTTCTAATTTGTGTAACTGTGAAATTGTTCAGGTCAGTGG\n  AATGCCTACATTTTGCATCCCTGTTCCAGATGGTGGTGTTGGTTTTGACT\n  ACCGCCTGCATATGGCTGTAGCAGATAAATGGATTGAACTCCTCAAGTAA\n  GTGCAGGAATATTGGTGATTACATGCGCACAATGATCTAGATTACATTTT\n  CTAAATGGTAAAAAGGAAAATATGTATGTGAATATCTAGACATTTGCCTG\n  TTATCAGCTTGAATACGAGAAGTCAAATACATGATTTAAATAGCAAATCT\n  CGGAAATGTAATGGCTAGTGTCTTTATGCTGGGCAGTGTACATTGCGCTG\n  TAGCAGGCCAGTCAACACAGTTAGCAATATTTTCAGAAACAATATTATTT\n  ATATCCGTATATGAGGAAAGTAGGTATATAAACTGTGGTCATTAATTGTG\n  TTCACCTTTTGTCCTGTTTAAGGATGGGCAGTAGGTAATAAATTTAGCCA\n  GATAAAATAAATCGTTATTAGGTTTACAAAAGGAATATACAGGGTCATGT\n  AGCATATCTAGTTGTAATTAATGAAAAGGCTGACAAAAGGCTCGGTAAAA\n  AAAACTTTATGATGATCCAGATAGATATGCAGGAACGCGACTAAAGCTCA\n  AATACTTATTGCTACTACACAGCTGCCAATCTGTCATGATCTGTGTTCTG\n  CTTTGTGCTATTTAGATTTAAATACTAACTCGATACATTGGCAATAATAA\n  ACTTAACTATTCAACCAATTTGGTGGATACCAGAGATTTCTGCCCTCTTG\n  TAGTAATGATGTGCTCCTGCTGCTGTTCTCTGCCGTTACAAAAGCTGTTT\n  TCAGTTTTTTGCATCATTATTTTTGTGTGTGAGTAGTTTAAGCATGTTTT\n  TTGAAGCTGTGAGCTGTTGGTACTTAATACATTCTTGGAAGTGTCCAAAT\n  ATGCTGCAGTGTAATTTAGCATTTCTTTAACACAGGCAAAGTGACGAATC\n  TTGGAAAATGGGCGATATTGTGCACACCCTAACAAATAGAAGGTGGCTTG\n  AGAAGTGTGTAACTTATGCAGAAAGTCATGATCAAGCACTAGTTGGTGAC\n  AAGACTATTGCATTCTGGTTGATGGATAAGGTACTAGCTGTTACTTTTGG\n  ACCAAAAGAATTACTCCCTCCGTTCCTAAATATAAGTCTTTGTAGAGATT\n  CCACTATGGACCACATAGTATATAGATGCATTTTAGAGTGTAGATTCACT\n  CATTTTGCTTCGTATGTAGTCCATAGTGAAATCTCTACAGAGACTTATAT\n  TTAGGAACGGAGGGAGTACATAATTGATTTGTCTCATCAGATTGCTAGTG\n  TTTTCTTGTGATAAAGATTGGCTGCCTCACCCATCACCAGCTATTTCCCA\n  ACTGTTACTTGAGCAGAATTTGCTGAAAACGTACCATGTGGTACTGTGGC\n  GGCTTGTGAACTTTGACAGTTATGTTGCAATTTTCTGTTCTTATTTATTT\n  GATTGCTTATGTTACCGTTCATTTGCTCATTTCTTTCCGAGACCAGCCAA\n  AGTCACGTGTAGCTGTGTGATCTGTTATCTGAATCTTGAGCAAATTTTAT\n  TAATAGGCTAAAATCCAACGAATTATTTGCTTGAATTTAAATATACAGAC\n  GTATAGTCACCTGGCTCTTTCTTAGATGATTACCATAGTGCCTGAAGGCT\n  GAAATAGTTTTGGTGTTTCTTGGATGCCGCCTAAAGGAGTGATTTTTATT\n  GGATAGATTCCTGGCCGAGTCCTCGTTACAACATACATTTTGGAGATATG\n  CTTAGTAACAGCTCTGGGAAGTTTGGTCACAAGTCTGCATCTACACGCTC\n  CTTGAGGTTTTATTATGGCGCCATCTTTGTAACTAGTGGCACCTGTAAGG\n  AAACACATTCAAAAGGAAACGGTCACATCATTCTAATCAGGACCACCATA\n  CTAAGAGCAAGATTCTGTTCCAATTTTATGAGTTTTTGGGACTCCAAAGG\n  GAACAAAAGTGTCTCATATTGTGCTTATAACTACAGTTGTTTTTATACCA\n  GTGTAGTTTTATTCCAGGACAGTTGATACTTGGTACTGTGCTGTAAATTA\n  TTTATCCGACATAGAACAGCATGAACATATCAAGCTCTCTTTGTGCAGGA\n  TATGTATGATTTCATGGCTCTGGATAGGCCTTCAACTCCTCGCATTGATC\n  GTGGCATAGCATTACATAAAATGATCAGGCTTGTCACCATGGGTTTAGGT\n  GGTGAAGGCTATCTTAACTTCATGGGAAATGAGTTTGGGCATCCTGGTCA\n  GTCTTTACAACATTATTGCATTCTGCATGATTGTGATTTACTGTAATTTG\n  AACCATGCTTTTCTTTCACATTGTATGTATTATGTAATCTGTTGCTTCCA\n  AGGAGGAAGTTAACTTCTATTTACTTGGCAGAATGGATAGATTTTCCAAG\n  AGGCCCACAAACTCTTCCAACCGGCAAAGTTCTCCCTGGAAATAACAATA\n  GTTATGATAAATGCCGCCGTAGATTTGATCTTGTAAGTTTTAGCTGTGCT\n  ATTACATTCCCTCACTAGATCTTTATTGGCCATTTATTTCTTGATGAAAT\n  CATAATGTTTGTTAGGAAAGATCAACATTGCTTTTGTAGTTTTGTAGACG\n  TTAACATAAGTATGTGTTGAGAGTTGTTGATCATTAAAAATATCATGATT\n  TTTTGCAGGGAGATGCAGATTTTCTTAGATATCGTGGTATGCAAGAGTTC\n  GATCAGGCAATGCAGCATCTTGAGGAAAAATATGGGGTATGTCACTGGTT\n  TGTCTTTGTTGCATAACAAGTCACAGTTTAACGTCAGTCTCTTCAAGTGG\n  TAAAAAAAGTGTAGAATTAATTCCTGTAATGAGATGAAAACTGTGCAAAG\n  GCGGAGCTGGAATTGCTTTTCACCAAAACTATTTTCTTAAGTGCTTGTGT\n  ATTGATACATATACCAGCACTGACAATGTAACTGCAGTTTATGACATCTG\n  AGCACCAGTATGTTTCACGGAAACATGAGGAAGATAAGGTGATCATCTTC\n  GAAAGAGGAGATTTGGTATTTGTTTTCAACTTCCACTGGAGCAATAGCTT\n  TTTTGACTACCGTGTTGGGTGTTCCAAGCCTGGGAAGTACAAGGTATGCT\n  TGCCTTTTCATTGTCCACCCTTCACCAGTAGGGTTAGTGGGGGCTTCTAC\n  AACTTTTAATTCCACATGGATAGAGTTTGTTGGTCGTGCAGCTATCAATA\n  TAAAGAATAGGGTAATTTGTAAAGAAAAGAATTTGCTCGAGCTGTTGTAG\n  CCATAGGAAGGTTGTTCTTAACAGCCCCGAAGCACATACCATTCATTCAT\n  ATTATCTACTTAAGTGTTTGTTTCAATCTTTATGCTCAGTTGGACTCGGT\n  CTAATACTAGAACTATTTTCCGAATCTACCCTAACCATCCTAGCAGTTTT\n  AGAGCAGCCCCATTTGGACAATTGGCTGGGTTTTTGTTAGTTGTGACAGT\n  TTCTGCTATTTCTTAATCAGGTGGCCTTGGACTCCGACGATGCACTCTTT\n  GGTGGATTCAGCAGGCTTGATCATGATGTCGACTACTTCACAACCGTAAG\n  TCTGGGCTCAAGCGTCACTTGACTCGTCTTGACTCAACTGCTTACAAATC\n  TGAATCAACTTCCCAATTGCTGATGCCCTTGCAGGAACATCCGCATGACA\n  ACAGGCCGCGCTCTTTCTCGGTGTACACTCCGAGCAGAACTGCGGTCGTG\n  TATGCCCTTACAGAGTAAGAACCAGCAGCGGCTTGTTACAAGGCAAAGAG\n  AGAACTCCAGAGAGCTCGTGGATCGTGAGCGAAGCGACGGGCAACGGCGC\n  GAGGCTGCTCCAAGCGCCATGACTGGGAGGGGATCGTGCCTCTTCCCCAG\n  ATGCCAGGAGGAGCAGATGGATAGGTAGCTTGTTGGTGAGCGCTCGAAAG\n  AAAATGGACGGGCCTGGGTGTTTGTTGTGCTGCACTGAACCCTCCTCCTA\n  TCTTGCACATTCCCGGTTGTTTTTGTACATATAACTAATAATTGCCCGTG\n  CGCTTCAACATGAACATATAAATATTCTAATAGGTTATCCCGTGATTTAC\n  CTGCCTATATTTTAGTACTCCCTCGAACCGGAATTAATTGACGCAACCTC\n  TATACATCATTGTATAGAGGTTGTATAGTAGCTGCGTCAATTAATCTGGA\n  TAGGGAGTAACTTTATTTGGTAAGCAATTATTTGCTTACCAACTCGTTAC\n  CCCATTCGAGCGAGAGGTGAACGCATGCCTTCAAACAAAGCGCCTCCTGG\n  GAAGGTAAATTGTGCCACGGTGTGATGGTTACCCATCCCCACCGTGGCCG\n  CGAT\n\n\n'),(229,33,'documentclass','NUCLEOTIDE SEQUENCE'),(230,33,'documentclass','SEQUENCE'),(231,33,'cache_name','SBEIIA-2B'),(232,33,'description','GENOMIC DNA'),(233,33,'display_urn','URN:LOCAL:GONZALEO:29-F1TLO8A'),(234,33,'sequence_residues','TAACGGCATGGCCAGCTAAACGCGCTCCCAGCCGTTGGTTTGCGATCCCGTCCTCCCTCCCGTCCCCTACGCAACGTCGCCTCCACCGTCCATCCGTCGCTGCCACCTCTGTGCGCGCGCACGAGGGAGGAAGACGACGCAGCACACACACTCTCCCCGTGGGTCCCCTTTCCGGCTTGGCGTCTATCTCCTCTCCCCCCCATCCCCATGCACTGCACAGTACCCGCCAGCTTCCACCCCCGCCGCACACGTTGCTCCCCCTTCTCATCGCTTCTCAATTAATATCTCCATCACTCGGGTTCCGCGCTGCATTTCGGCCGGCGGGTTGAGTGAGATCTGGGCCACTGACCGACTCACTCGCTGCGCGGGGATGGCGACGTTCGCGGTGTCCGGCGCGACCCTCGGTGTGGCGCGGCCCGCCAGCGCCGGCGGCGGACTGCTGCGATCCGGCTCGGAGCGGAGGGGCGGGGTGGACTTGCCGTCGCTGCTCCTCAGGAAGA'),(235,33,'topology','LINEAR'),(236,33,'molType','DNA'),(237,33,'organism','T. AESTIVUM'),(238,33,'content','GENOMIC DNA\n\n\n  1        10        20        30        40        50\n  |        |         |         |         |         |\n  TAACGGCATGGCCAGCTAAACGCGCTCCCAGCCGTTGGTTTGCGATCCCG\n  TCCTCCCTCCCGTCCCCTACGCAACGTCGCCTCCACCGTCCATCCGTCGC\n  TGCCACCTCTGTGCGCGCGCACGAGGGAGGAAGACGACGCAGCACACACA\n  CTCTCCCCGTGGGTCCCCTTTCCGGCTTGGCGTCTATCTCCTCTCCCCCC\n  CATCCCCATGCACTGCACAGTACCCGCCAGCTTCCACCCCCGCCGCACAC\n  GTTGCTCCCCCTTCTCATCGCTTCTCAATTAATATCTCCATCACTCGGGT\n  TCCGCGCTGCATTTCGGCCGGCGGGTTGAGTGAGATCTGGGCCACTGACC\n  GACTCACTCGCTGCGCGGGGATGGCGACGTTCGCGGTGTCCGGCGCGACC\n  CTCGGTGTGGCGCGGCCCGCCAGCGCCGGCGGCGGACTGCTGCGATCCGG\n  CTCGGAGCGGAGGGGCGGGGTGGACTTGCCGTCGCTGCTCCTCAGGAAGA\n  AGGACTCCTCTCGTACGCCTCGCTCCCTCCAATCTCCCCGTCTGTTTTTG\n  GGCCCCCTTCTCTCTCCCTCGCCTCTCTGCGCGCGCATGGCCTGTTCGAT\n  GCTGTTCCCCAGTTGATCTCCATGAACGAGAGAGATAGCTGGATTAGGCG\n  ATCGCCTCAGGCCCTGGTGTTACCACGGCTTTGATCATCTCCTCCTTTCA\n  TGCTGATATTTTCTCACTCTTTCTTCTGTTCTTGCTGTAACTGCAAGTTG\n  TAGCATTTTTTTGGCGAATAAGTTGTAGCATTGTCTCACTATTGTACTCA\n  TCCTTGCATTTGCAGGCGCCGTCCTGAGCCGCGCGGCCTCTCCAGGGAAG\n  GTCCTGGTGCCTGACGGTGAGAGCGACGACTTGGCGGCCACTCCAGCGCA\n  ACCCGAAGAATTACAGGTACACACCGTCGTGCCGGAAAATCTTCATGCAC\n  CCGTTATTCACTTACCAAATATCGGATGAACCAAGCCGCGGAGGCATCAG\n  GTTTCAAGCTTCTTCTATCAGCATTGTGCACTACTTCACTGCCTTGTGCA\n  GTTTGTTAGCTGTGGCCCCGCGCTGGCTCTTGGGCCACTGAAAACTCAGA\n  TGGATGTGCATTCTAGCAAGAACTTCACAAAATAATGCACTGTTTGTGGT\n  TTCGTTAGTCTGCTCTACAATTGCTATTTTTCGTGTGCTGTAGATACCTG\n  AAGATATCGAGGAGCAAACGGCTGAAGTGAACATGACAGGGGGGACTGCA\n  GAGAAACTTCAATATTCAGAACCGACTCAGGGCATTGTGGAAACAATCAC\n  TGATGGTGTAACCAAAGGAGTTAAGGAACTAGTCGTGGGGGAGAAACCGC\n  GAGTTGTCCCAAAACCAGGAGATGGGCAGAAAATATACGAGATTGACCCA\n  ACGCTGAAAGATTTTCGGAGCCATCTTGACTACCGGTAATGCCTACCCGC\n  TAATTTCGCTCATTTTGAATTAAGGTCCTTTCATCATGCAAATTTGGGGA\n  ACATCAAAGAGGCAAAGACTAGGGACCACTGTTTCATACAGTTCCCCTCA\n  TGGTCTGAGAATATGCTGGGAAGTATATGTATAATTGCTGGCTACAATTG\n  GCTCATAATTGCAATACAAATAACTGTCTCCGATCATTACAATTACAGAG\n  TGGCAAACTGATGAAAATGTGGTGGATGGGTTATGGATTTTACTTTGCTA\n  ATTCCTCTACCAAATTCCTGGGGAAAAAATCTACCAGTTGGGCAACTTAG\n  TTTCTTATCTTTGTTGCCTTTTTGTTTTGGGGAAAACACACTGCTAAATT\n  TGAATGATTTTGGGTATGCCTTGGTGGATTCAACAGATACAGCGAATACA\n  AGAGAATTCGTGCTGCTATTGACCAACATGAAGGTGGATTGGAAGCATTT\n  TCTCGTGGTTATGAAAAGCTTGGATTTACCCGCAGGTAAATTTAAAGCTT\n  TACTATGAAACGCCTCCACTAGTCTAATTGCATATCTTGTAAGAAAATTT\n  ATAATTCCTGTTTTCCCCTCTCTTTTTTCCAGTGCTGAAGGTATCATCTA\n  ATTGCTTATCTTATAAGAAAATTTATAATTCCTGTTTCCCCCCCTCTTTT\n  TCCAGTGCTGAAGGTATCACTTACCGAGAATGGGCTCCTGGAGCGCATGT\n  ACGTCTTAACAGACACCTTCTAATCTATTGTTAATGGTCACTATTCACCA\n  ACTAGCTTACTGAACTTACAAAATAGCTTACTGAATACTGACCAGTTACT\n  CTAAATTTATGATCTGGCTTTTGCATCCTGTTACAGTCTGCAGCATTAGT\n  AGGTGACTTCAACAATTGGAATCCAAATGCAGATACTATGACCAGAGTAT\n  GTCTACAGCTTGGCAATCTTCCACCTTTGCTTCGTAACTACTGATACATC\n  TATTTGTATTTATTTAACTGTTTGCACGTTCGTTAAAGTTGAGCCTCAAC\n  TATATCATACCAAAATGGTATAATTTGTCAGTGTCTTAAGCTTCAGCCTA\n  AAGATCCTACTGAATTTAGTCCATCCTTTTGAGATTGAAAATGAGTATAT\n  TAAGGGTGATTGAATACTTGCAACACTCCCATTTTTTGGTAGAACCTTTT\n  GCATTATGTGTGCTTTTCCATCCACAATGAGCATATTTCCATGTTATCAG\n  TGAAGGTTTGCTCCTATTGATGCCGATATTTGATATGATCTTTCGATCTT\n  TTCAGGATGATTATGGTGTTTGGGAGATCTTCCTCCCTAACAATGCTGAT\n  GGATCCCCAGCTATTCCTCATGGCTCACGTGTAAAGGTAATCTGGCCAAT\n  TATTTAGTCGAGGATGTAACATTTTCGAACTCTGCCTACTAAGGGTCCCT\n  TTTCCTCTCTATTTTCTAGATACGGATGGATACTCCATCTGGTGTGAAGG\n  ATTCGATTTCTGCTTGGATCAAGTTCTCTGTGCAGGCTCCAGGTGAAATA\n  CCATTCAATGGCATATATTATGATCCACCTGAAGAGGTAAGTATCAATCT\n  ATGTTACATTATTAAATGGAATTTCCAGTGTTACAGTTTTTTGATACCCA\n  CTTCATGTCTCACTGACATGTGAGTCAAGACAATACTTTCGAATTTGGAA\n  GTGACATATGCATTAATTCACCTTCTAAGGGCTAAGGGGCAACCAACCAT\n  GGTGATGTGTGTATGCTTGTGTGACTTAAGATCTTATAGCTCTTTTATAT\n  GTTCTCTGTTGGTTAGGACATTCCATTTTGACCTTTTGTGACCATTTACT\n  AAGGATATTTTACATGCAAATGCAGGAGAAGTATGTCTTCCAACATCCTC\n  AACCTAAACGACCAGAGTCACTAAGGATTTATGAATCACACATTGGAATG\n  AGCAGCCCGGTATGTCAATAAGTTATTTCACCTGTTTCCGGTCTGATGGT\n  TTATTCTATGGATTTTCTAGTTCTGTTATGTACTGTTAACATACCACACG\n  GTGCATTCACGTGACAACCTCGATTTTATTTTCTAATGTCTTCATATTGG\n  AAAATGCACAACTTTGCTTCCTCTTTGTCTGATCGTTTTTTTGTCTCTAA\n  GATTTCCATTGCATTTCGAGGTAGCGGGCATGTGAAAGTCGAATCTGAAT\n  ATTTTTTGTCAGAGCACAGTTATATTAAATGCCATTGTTGTTGCAATAGC\n  TTGGTATAATGTAGCCATGTTACTAGCTTAAGAAATATCGCATTGGAGCA\n  TCTCCAGCAAGCCATTTCCTNNNNNNNNNNNNNNNNNNNNNNNNNNNNNN\n  NNNNNNNNNNNNNNNNNNNNNNNNNNNNNNNNNNNNNNNNNNNNNNNNNN\n  NNNNNNNNNNNNNNNNNNNNNNNNNNNNNNNNNNNNNNNNNNNNNNNNNN\n  NNNNNNNNNNNNNNNNNNNNNNNNNNNNNNNNNNNNNNNNNNNNNNNNNN\n  NNNNNNNNNNNNNNNNNNNNNNNNNNNNNNNNNNNNNNNNNNNNNNNNNN\n  NNNNNNNNNNNNNNNNNNNNNNNNNNNNNNNNNNNNNNNNNNNNNNNNNN\n  NNNNNCTGCGAGCGATTCAAAACTTCCACTGTTCTGAGGTGTACGTACTG\n  TAGGGATCTCCCATTATGAAGAGGACATAGTTAACTTTTTGTAACCTACT\n  TGGAAACTTGAGTCTTGATGCATCGCTACTATATACTATCATCACAATAC\n  TTAGAGGATGCATCTGAATATTTTAGCGTGATCTTGCACAGGAACCGAAG\n  ATAAATTCATATGCTAATTTTAGGGATGAGGTGCTGCCAAGAATTAAAAG\n  GCTTGGATACAATGCAGTGCAGATAATGGCAATCCAGGAGCATTCATACT\n  ATGCAAGCTTTGGGTATTCATACAGTCCATCTTTTTCTGTTTTTTTTTTC\n  TGTATGTGCCTCTTCACCCATTTCGAGCCATTACATCCTAATGCTTCGTG\n  CACATAAAATACTTGGATATAATTCTTTATTAGACATATAGTACAACACC\n  ACTTAGTATTTCTGACTTGTATGATCATTTTATTGTTGTTGGCTTGTTAC\n  AGGTACCATGTTACTAATTTTTTTGCACCAAGTAGCCGTTTTGGAACTCC\n  AGAGGACTTAAAATCCTTGATCGATAGAGCACATGAGCTTGGTTTGCTTG\n  TTCTTATGGATATTGTTCATAGGTAATCAGTCCAATTTAATTTTAGTTGC\n  TTTACTGTTTATCTGGTATTGTAAATGGCAGGGCCCTATCGTCGAATATT\n  TTTCCAATCTATATAATTGTGCTACATGACTTATTTTTTCTCAGATGTAT\n  TAAACCAGTTGGATATTAAATGTATTTGGTACATCTAGTAAACTGACAGT\n  TTCATAGAATTGTGTTGTAATGGCAACACAATTTGATGGCATAGATGTGG\n  ACTGAGAAGTTCAGATGCTATCAGTAATTAATTAACTGGCCATGTACTCG\n  TGGAACTACATAGAGTTTGCAAGTTGGAAAACTGACAGCAATACCTCACT\n  GATAAGTGTCCAGGCCACACTTGCCAGCTTCATATTAGATGTTACTTCCC\n  TGTTGAACTCCTTTGAACATATCACTTAAAGTTCTTCAATTGTCCTAAGT\n  CAAACTTCTTTGACTTTGGCCAAGTCTATTGAAAAATATGTCAACATCTA\n  CAGCACCAAATTAGTTTCATAATTTTTATTTTGTTATATTAGCACGTTTT\n  TTATGCTGTAGATATCAGCACATTTTTCTATAGACTTGGTCAAATATAGA\n  GAAGTTTGACTTAGGACAAATCAGAACTTCAAGCAATTTGGATCAGAGGG\n  AATAGTCCATACTGCTTGATTATATTTTCCCAAAGGAGGGAGTGAGGAGC\n  TTGACTTCGGTATCATCAAATGATATTGATAGATGTCAACATTTTAACAA\n  AAAATCAGACCTTGTCACCAAATATGCATCAGACCATCTGTTTGCTTAGG\n  CACTTGCTTTCATATTTATGTGTTTGTAACTAATCTACTTTTCCTTCTAC\n  TTGGTTTGATTGATTCTATTTCAGTTGCATTGCTTCATCAATGATTTTGT\n  GTACCCTGCAGTCATTCGTCAAATAATACCCTTGACGGTTTGAATGGTTT\n  CGATGGCACTGATACACATTACTTCCACGGTGGTCCACGTGGCCATCATT\n  GGATGTGGGATTCTCGTCTGTTCAACTATGGGAGTTGGGAAGTATGTAGC\n  TGCGACTTCTGTCACCATGTTTGGCTAACTGTTCCTGCCAATCTGTTCTT\n  ACACGTGTCAATATTCTATTCTTATACAGGTATTAAGATTCTTACTGTCA\n  AACGCGAGATGGTGGCTTGAAGAATATAAGTTTGATGGATTTCGATTTGA\n  TGGGGTGACCTCCATGATGTATACTCACCATGGATTACAAGTAAGTCATC\n  AAGTGGTTTCAGTAACTTCTTCAGGGCACTGAAACAATTGCTATGCATCA\n  TAACATGTATCATGATCAGTACTTATGCTACGGAGTCTTAGATAGTTCCC\n  TAGTATGCTTGTACAATTTTACCTGATGAGATCATGGAAGATTGGAAGTG\n  ATTGTTATTATTTTTCCTTCTAAGTTTGCTTCTTGTTCTAGATGACATTT\n  ACTGGGAACTATGGCGAGTATTTTGGATTTGCCACTGATGTTGATGCGGT\n  GGTATACTTAATGCTGGTCAACGATCTAATTCATGGACTTTATCCTGATG\n  CTGTATCCATTGGTGAAGATGTAAGTGCTTACAGTATTTATGTTTTTTAA\n  CCAGTTAATTTAATAGTATTTTATTTTGGGGATCAAGCTGTTACTACTCT\n  TTTTGTTAGGGTAAAATCTGTCTTTTCATAAGAATGCTAATTTATACTCC\n  CTCCGTCTGGAAATACTTGTCGGAGGAATGAATGTATCTAGACGTATTTT\n  AGTTCTAGATACATCCATTTTTATGCATTTCTCCGTCAAGTATTTCCGGA\n  CGGAGGGAGTACCTTGTATGGTAATGCATCACATAGGTAATTTGAGAAGT\n  GCAAGGGCATTCAAGCTGACAAGCATATTTGTTGATGGCTGTAATTTATT\n  TGATAGTATGCTTGTTTGGATTTTTCAGTAAGTGTGAGTGTGTGAGTAAT\n  GTTATATTATTTATTTACTTGCGGAAGAAATGGGCAACCTTGTCAATTGC\n  TTCAGAAGACTAACTTAGATTCCATAAATGCTGTGGAAATGAGAGGCTAT\n  TCCCAAGGACACGAAATTATACGTCAGTGTGTTACGCACATGTATTTGTA\n  AGAGCAAGAGCAACATGGTTTAACTTAAATTCCTGCACTGCTATGGAATC\n  TCACTGTATGTTGTTAGTGTACGCATCCACAAACAAGTAATCCTGAGCTT\n  TCAACTCACGAGAAAATAGGAGGCTCCACTTCTGCCAGCATTAGCTGTTC\n  ACAGTTCTAATTTGTGTAACTCTGAAATTGTTCAGGTCAGTGGAATGCCT\n  ACATTTTGCATCCCTGTTCCAGATGGTGGTGTTGGTTTTGACTATCGCCT\n  GCATATGGCTGTAGCAGATAAATGGATCGAACTCCTCAAGTAAGTGCAGG\n  AATATTGGTGATTACATGCGCACAATGATCTACTCCCTCTGTCCCATAAT\n  GTAAGATGTTTTTTGACACTAGTGTAGTGTCAAAAAACGTCCTATATTAT\n  GGGAAGGAGGGAGTAGTTCACAATTTCTAAATTGTAAAAAGAAAAATATG\n  TATGTGAATAGCTAGACATTTCCCTGGTATCAGCTTCAACACAAGAAGAT\n  TTATCAAATACATGATTTAAATAGCAAATTTCGGAAATGTAATGGCTAGT\n  GTCTTTATGCTGGATATTGTACATGGCGCTGTAGCAGGTGAGTCAATAAA\n  GCTAGCGATATTTTCAGAAACAAAATAATCATTTATATCTGTATATGGGG\n  AAAGTGGGGGTATAGATGGTGGTCATTAATCGTGTTCACTTTTTGTCCTG\n  TATAAGCACAGGCAGTAGGTAATAAATTTAGCCAGATAAAATAAATCGTT\n  ATTAGGTTTACAAAAGGAATACAGAGGGTCATGTAGCATATCTAGTTGTA\n  GTTATTGTAAAGGCTGACAAGAGGTTCAGTAAAAAAAACTTTATGTTGAT\n  CCCGGGTATGCAAGAACGCGAGTAAAGCTCAAACATTTATAGTGGTTGCT\n  GTTGCTTGCTGTATACTTGTATCTGCGCATATATGAAATTACTACTACAC\n  AGCTGCCAATCTGCCATGATCTGTGTTTTGCTTTGTGCTATTTAAATTTT\n  AAATGCTAACTCAATAAATGGCAATAATAAACTAACTATTCAACCAATTT\n  GATGGATATCAGAGATTTCTTCCCTCCTTTAGTAACATTGTGCTCCTGCT\n  GCTGTTCTCTACCGTTACAAAAGCTGTTTTTCCATTTTTCGCATCATTAT\n  TTTTGTGTGTGAGTAATTTAAGCATGTCCTTTGAAGCTGTGAGCTGTTGG\n  TACTTAGTACATTCTTGGTAGTGTCCAAATATGCTGCAGTCTAATTTAGC\n  ATTTCTATAACACAGGCAAAGTGACGAATCTTGGAAAATGGGCGATATTG\n  TGCACACCCTAACAAATAGAAGGTGGCTTGAGAAGTGCGTCACTTATGCA\n  GAAAGTCATGATCAAGCACTAGTTGGTGACAAGACTATTGCATTCTGGTT\n  GATGGATAAGGTACTAGCTGTTACTTTTGGATCAAAAGAATCACATAAGA\n  TTTGTCTCATCAGATTGCTCATGTTTTCTTGTGATAAAGATTTGGCCCCC\n  TCACCCATCACCAGCTATTTCCCAACTGTCACTTGAGCAAAACGTGCCAT\n  GTGGCACTGTGGTGGCTTGTGAACTTTGACAGTTAATGTTGCAAATTTCT\n  GTTCTTATTTATTTGATTCTTATGTTATCGTTCATTTATTCCTCAAAAAA\n  TGTTATCGTTCATTTGCTCATTCCTTTCCGAGACCAGCCGAAGTCACGTG\n  TAGCCATGTGATCTGCCATCTGAATCTTGAGCAAATTTTATGAAGAGGCT\n  AAAGTCGAACGGATTATTTGCTTGAATTTATAAATATACAGACGTATAAT\n  CACCTGGTGCTTTCTGAAATGATTACCATAGTGCCTGAAGGCTGAAATAG\n  TTTTGGCGTTTCCTGGACGACGCCCAAAGGAGTGAATTTTATTGGGTAGA\n  TTTCTGGCTGAGCCCTGGTTACAACATACATTTTGGAGATATGCTTAATA\n  ACAAATCTGGGTGTTTGGTCACGAGTCTGCATCTACATGCTCCTTGGGTT\n  TTATTATGGCGTCATCTTTGTAACTAGTGGCACCCCTAAGGAAACATTCA\n  AAAGGAAACTGTTACATCATTCTAGTCAGGACCACCGTACTAAGAGCAAA\n  ATTCTGTTCCAATTTTATGAGTTTTTGAGACTCCAAAATGAACATAAGTG\n  TCTCATATTTTGCTAATTAACTACAGATGTTTTTATATCACTTTAGTTTT\n  TATTTCAGGACAGTTGATACTTGGTACTGTGCTGTAAGCATTGATCCGAC\n  ACAGAACAGCATGAACATTTCGAGCTCTCTTTGTGCAGGATATGTATGAT\n  TTCATGGCTCTGGATAGACCTTCAACTCCTCGCATTGATCGTGGCATAGC\n  ATTACATAAAATGATCAGGCTTGTCACCATGGGTTTAGGTGGCGAAGGCT\n  ATCTTAACTTCATGGGAAATGAGTTTGGGCATCCTGGTCAGTCTTTACAA\n  CATTATTGCATTCTGCATGGTTGTGATTTACTGTAATTTGAACCATGCTT\n  TGTTTTCACATTGTATGTATTATGTAATCTGTTGCTTCCAAGGAGGAAGT\n  TAACTTCTATTTACTTGGCAGAATGGATAGATTTTCCAAGAGGTCCGCAA\n  ACTCTTCCAACCGGCAAAGTTCTCCCTGGAAATAACAATAGTTATGATAA\n  ATGCCGCCGTAGATTTGATCTTGTAAGTTTTAGCTGTGCTCTTACGTTCC\n  CTCACTAGATCTTTATTGGCTATTTATTTCTTGATGAAATCATAATGTTT\n  GTTGATCAACATTGCTTTTGTAGTTTTGTAGACGTTAACATAAATATGTG\n  TTAAGAGTTATTGATCATTAAGAATATCATGATTTTTTTTGTAGGGAGAT\n  GCAGATTTTCTTAGATATCGTGGTATGCAAGAGTTCGACCAGGCAATGCA\n  GCATCTTGAGGAAAAATATGGGGTATGTCAGTATGTCACTGGTTTGTCTT\n  TGTTGCATAGCAAGTCACAGTTTAACGCCAGTCTCTTCAAATGGTCAAAA\n  AGTGTAGAATTAATTCCTGTAATGAGATGAAAACTGCGCAAAGGCGGGAG\n  CTGGAATTGCTTTTCACCAATTAAAACTATTTTCTTAAGCGATTGTGTAT\n  TGATACCTATACCAACACTGACAATGTAACTGCAGTTTATGACATCTGAG\n  CACCAGTATGTTTCACGGAAACATGAGGAAGATAAGGTGATCATCTTCGA\n  AAGAGGAGATTTGGTATTTGTTTTCAACTTCCACTGGAGCAATAGCTTTT\n  TTGACTACCGTGTTGGGTGTTCCAAGCCTGGGAAGTACAAGGTATGCTTG\n  CCTTTTCATTGCCCACCCTTCACCAGTAGGGTTAGTGGGGGCTTCTACAA\n  CTTTTAATTCCACATGTAGAGTTTGTTGTTCGTGCAGCTATCAATATAAA\n  GAATAGGATAATTTGTAAAGAAAAGAATTTGTTGCTCGAGATGTTGTAGT\n  CATATAACATCCCCGAAGCACATCTACTATTCATTCATATTATCTACTTA\n  AGGGTTTGTTACAATCTTTGTACTCAGTTGGACTCACTCTAATACTGGAA\n  CTATTTACCGAATCTACCCTAATCATCCTAGCAGTTTTAGAGCAGCCCCA\n  TTTGGACAGTCCACTGGGTTTAGTTGGTTTGTGACAGTTTCTGCTATTTC\n  TTAATCAGGTGGCCTTAGACTCCGACGATGCACTCTTTGGTGGATTCAGC\n  AGGCTTGATCATGATGTCGACTACTTCACAACCGTAAGTCTGGGCTCAAG\n  CGTCACTTGACTCGTCTAGACTCAACTGCTTACAAATCTGAATCAACCTC\n  CCATTTGCTGATGCCCTTGCAGGAACATCCGCATGACAATAGGCCGCGCT\n  CTTTCTTGGTGTACACTCCTAGCAGAACTGCGGTCGTGTATGCCCTTACA\n  GAGTAAGAACCAGCAGCGGCTTGTTACAAGGCAAAGAGAGAACTCCAGGG\n  AGCTCGTGGATTGTGAGCGAAGCGACGGGCAACTGCGTGAGGCTGCTCTA\n  AGCGCCATGACTGGGAGGGGATCGTGCCTCTTCCCCTGATGCCAGGAGGA\n  TCAGATGGATAGGTAGCTTGTTGGTGAGCGCTCGAAAGAAAATGGACGGG\n  CCTGGGTGTTTGTCGTGCTGCACTTAACCCTCCTCCTATGTTGCACATTC\n  CCGGGTGTTTTTGTACATATAACTAATAATTGCCCGTGCGCTTCAACATG\n  AACATATAAATATTCTATATAATAGGTTATCCCGTGATTTACCTGCCGAT\n  ATTTTAGTACTCCCTCGAACTGGAATTAATTGAGCAGCCTCTATACATCA\n  TTGTATAGAGGTTCTATAGTAGCTGC\n\n\n'),(239,34,'documentclass','NUCLEOTIDE SEQUENCE'),(240,34,'documentclass','SEQUENCE'),(241,34,'cache_name','SBEIIA-2A'),(242,34,'description','GENOMIC DNA'),(243,34,'display_urn','URN:LOCAL:GONZALEO:2A-F1TLO8A'),(244,34,'sequence_residues','AGCTAAAGGCGCTCCCAGCCGTTGGTTTGCGATCCCGTCCTCCCTCCCCTACGCAACGTCGCCTCCACCGTCCGTCCGTCGCTGCCACCTCTGCGCGCGCGCACGAGGGAGGAAGACGACGCCGCGCACGCACTCACTCACACACACTCCCCGTGGGGCCCCTTTCCGGCTTGGCGTCTATCTCCTCTCCCCCGCCCATCCCCATGCACTGCACCGTCCCCGCCAGCTTCCACCCCCGCCGCACACGTTGCTCCCCCTTCTCATCGCTTCTCAATTAATATCTCCATCACTCGGGTTCCGCGCTGCATTTCGGCCGGCGGGTTGAGTGAGATCTGGGCCACTGACCGACTCACTCGCTCGCTGCGCGGGGATGGCGACGTTTGCGGTGTCCGGCGCGACCCTCGGTGTGGCGCGGCCCGCCGGCGCCGGCGGCGGACTGCTGCCGCGATCCGGCTCGGAGCGGAGGGGCGGGGTGGACCTGCCGTCGCTGCTCCTCAGGA'),(245,34,'topology','LINEAR'),(246,34,'molType','DNA'),(247,34,'organism','T. AESTIVUM'),(248,34,'content','GENOMIC DNA\n\n\n  1        10        20        30        40        50\n  |        |         |         |         |         |\n  AGCTAAAGGCGCTCCCAGCCGTTGGTTTGCGATCCCGTCCTCCCTCCCCT\n  ACGCAACGTCGCCTCCACCGTCCGTCCGTCGCTGCCACCTCTGCGCGCGC\n  GCACGAGGGAGGAAGACGACGCCGCGCACGCACTCACTCACACACACTCC\n  CCGTGGGGCCCCTTTCCGGCTTGGCGTCTATCTCCTCTCCCCCGCCCATC\n  CCCATGCACTGCACCGTCCCCGCCAGCTTCCACCCCCGCCGCACACGTTG\n  CTCCCCCTTCTCATCGCTTCTCAATTAATATCTCCATCACTCGGGTTCCG\n  CGCTGCATTTCGGCCGGCGGGTTGAGTGAGATCTGGGCCACTGACCGACT\n  CACTCGCTCGCTGCGCGGGGATGGCGACGTTTGCGGTGTCCGGCGCGACC\n  CTCGGTGTGGCGCGGCCCGCCGGCGCCGGCGGCGGACTGCTGCCGCGATC\n  CGGCTCGGAGCGGAGGGGCGGGGTGGACCTGCCGTCGCTGCTCCTCAGGA\n  AGAAGGACTCCTCTCGTACGCCTCGCTCGCTCGCTCCAATCTCCCCGTCC\n  ATTTTTGCCCCCCTTCTCTCTCCCTATCTGCGCGCGCATGGCCTGTTCGA\n  TGCTGTTCCCCAGTTGATCTCCATCAACGAGAGAGATAGCTGGATTAGGC\n  GATCGCCTGCGTCAGTGTCACCCAGGCCCTGGTGTTATCACGGCTTTGAT\n  CATCTCCTCCCATTCTGATATTTTCTCACTCTTTCTTCTGTTCTTGCTGT\n  AACTGCAAGTTGTAGCATTGTCTCACTATTGTAGTCATCCTTGCATTGCA\n  GGCGCCGTCCTGAGCCGCGCGGCCTCTCCAGGGAAGGTCCTGGTGCCTGA\n  CGGTGAGAGCGACGACTTGGCAAGTCCGGCGCAACCTGAAGAATTACAGG\n  TACACACCATCGTGCCGGGAAATCTTCATACAATCGTTATTCACTTACCA\n  AATGCCGGATGAAACCAAGCCGCGGAGGCGTCAGGTTTTGAGCTTCTTCT\n  ATCAGCATTGTGCAGTACTGCACTGCCTTGTGCATTTTGTTAGCCGTGGC\n  CCCGTGCTGGCTCTTGGGCCACTGAAAACTCAGATGGATGTGCATTCTAG\n  CAAGAACTTCACGAAATAATGCACTGTTTGTGGTTTCGTTAGTCTGCTCT\n  ACAATTGCTATTTTCGTGCTGTAGATACCTGAAGACATCGAGGAGCAAAC\n  GGCTGAAGTAAACATGACAGGGGGGACTGCAGAAAAACTTGAATCTTCAG\n  AACCGACTCAAGGCATTGTGGAAACAATCACTGATGGTGTAACCAAAGGA\n  GTTAAGGAACTAGTCGTGGGGGAGAAACCGCGAGTTGTCCCAAAACCAGG\n  AGATGGGCAGAAAATATACGAGATTGACCCAACGCTGAAAGATTTTCGGA\n  GCCATCTTGACTACCGCGGTAATGCCTACCCGCTACTTTCGCTCATTTTG\n  AATTAAGGTCCTTTCGTCATGCAAATTTGGGGAACATCAAAGAGACAAAG\n  ACTAGGGACCACTATTTCTTACAGTTCCCCTCATGGTCTGAGAATATGCT\n  GGGACGTAGATGTATAATTGATGGCTACAATTTGCTCATAATTACGATAC\n  AAATAACTGTCTCTGATCATTGCAATTACAGAGTGGCAAACTGATTAAAA\n  TGTGATAGATGGGTTATAGATTTTACTTTGCTAATTCCTCTACCAAATTC\n  CTGGGGAAAAAAATCTACCAGTTGGGCAACTTAGTTTCTTATCTTTGTTG\n  CCTCTTTGTTTTGGGGAAAACACACTGCTAAATTTGAATGATTTTGGGTA\n  TGCCTCCGTGGATTCAACAGATACAGCGAATACAGGAGAATTCGTGCTGC\n  TATTGACCAACATGAAGGTGGATTGGAAGCATTTTCTCGTGGTTATGAAA\n  AGCTTGGATTTACCCGCAGGTAAATTTAAAGCTTCAGTATTATGAAGCGC\n  CTCCACTAGTCTACTTGCATATCTTACAAGAAAATTTATAATTCCTGTTT\n  TCGCCTCTCTTTTTTCCAGTGCTGAAGGTATTGTCTAGTTGCATATCTTA\n  TAAGAAAATTTATGTTCCTGTTTTCCCCTATTTTCCAGTGCTGAAGGTAT\n  CACTTACCGAGAATGGGCTCCTGGAGCGCATGTACGTCTTTTAAGTCTTA\n  ACAGACACCTTCCAATTCATTGTTAATGGTCACACTATTCACCAACTAGC\n  TTACTGGACTTACAACTTAGCTTACTGAATACTGACCAGTTGCTCTAAAT\n  TTATGATCTGGCTTTTGCATCCTATTACAGTCTGCAGCATTAGTAGGTGA\n  CTTCAACAATTGGAATCCGAATGCAGATACTATGACCAGAGTATGTCTAC\n  AGCTTGGCAATCTTCCACCTTTGCTTCATAACTACTGATACATCTATTTG\n  TATTTATTTTGCTGTTTGCACATTCCTTAAAGTTGAGCCTCAACTATATC\n  ATATCAAAATGGTATAATTTGTCAGTGTCTTAAGCTTCAGCCTAAAGATT\n  CTACTGAAATTGGTCCATCTTTTTGAGATTGAAAATGAGTATATTAAGGA\n  TGGATGAATAGGTGCAACACTCCCATTCTTTGGTAGAACCTTCTGCATTA\n  TGTGTGTTTTTTCATCTACAATGAGCATATTTCCATGCTATCAGTGAAGG\n  TTTGCTCCTATTGATGCCGATATTTGATATGATCTTTTCAGGATGATTAT\n  GGTGTTTGGGAGATTTTCCTCCCTAACAATGCTGATGGATCCCCAGCTAT\n  TCCTCATGGCTCACGTGTAAAGGTAAGCTGGCCAATTATTTAGTTGAGCA\n  TGTAGCATTTTCGAACTCTGCCCACTAAGGGTCCCTTTGCCTTTCTGTTT\n  TCTAGATACGGATGGATACTCCATCTGGTGTGAAGGATTCAATTTCTGCT\n  TGGATCAAGTTCTCTGTGCAGGCTCCAGGTGAAATACCATTCAATGGCAT\n  ATATTATGATCCACCTGAAGAGGTAAGTATCGATCTCCATTACATTATTA\n  AATGAAATTTCCAGTGTTACGGTTTTTTAATACCCATTTCGTGTCTCACT\n  GACATGTGAGTCAAGACAATACTTTAGAATTTGGAAGTGACATATGCATT\n  AATTCACCTTCTAAGGGCTAAGGGGCAAGCAACCATGGTGATGTTTGTAT\n  GCTTGTGTGTGACTTAAGATCTTATAGCTCTTTTATGTGTTCTCTGTTGG\n  TTAGGATATTCCATTTTGACCTTTTGTGACCATTTACTAAGGATATTTTA\n  CATGCAAATGCAGGAGAAGTATGTCTTCCAACATCCTCAACCTAAACGAC\n  CAGAGTCACTGAGGATTTATGAATCACACATTGGAATGAGCAGCCCAGTA\n  TGTCAATAAGTTATTTCACCTGTTTCTGGTCTGATGGTCTATTCTATGGA\n  TTTTTTAGTTCTGTTATGTATTGTTAACATATAACATGGTGCATTCACGT\n  GACAACCTCGATTTTATTTTCTAATGTTATTGCAATAGCTCGGTATAATG\n  TAACCATGTTACTAGCTTAAGATGGTTAGGGTTTCCCACTTAGGATGTAT\n  GAAATATCGCATTGGAGCATCTCCAGCAAGCCATTTTTTTGACGGTTAAC\n  AGCAGGAGCTCTGCTTTTCATTATAGGAGAGGGAAATGCTGTACAGACTG\n  AAGTCAGTCAGAGCAAAGTAACTTAGAATCATTTATGGGCCACCCTGCAC\n  AGGGCAGAAGGCAGGCAGGAACGATCCTCTACAGCCGTCGGATTGCCTCC\n  ATCAGAGGAATCCTGGCCGTTAATCATGCTCTGGCCCAGTGGTCAGAATG\n  CATCAACCAGACTGAGGTGCTTGCCTCCTTATTGGTAAAGGATGCAGCGG\n  TACGAGCCTATTGAACAGATCCTGTTCAAGTAAGGCCGTTCTCCAGCAAG\n  CCATTTCCTAGCTTATTAATGAGAGAGAGAGAGGGGGGGGGGTCTGTATT\n  CTGCGAGCAATTCAAAAACTTCCATTGTTCTGAGGTGTACGCATTGTAGG\n  GATCTCCCATTATGAAGAGGATATAGTTAATTCTTTGTAACCTACTTGGA\n  AACTTGAGTCTTGCGGCATCGCTAATATATTCTATCATCACAATACTTAG\n  AGGATGCATCTGAATATTTTAGTGGGATCTTGCACAGGAACCGAAGATAA\n  ATTCATATGCTAATTTTAGGGATGAGGTGCTGCCAAGAATTAAAAGGCTT\n  GGATACAATGCAGTGCAGATAATGGCAATCCAGGAGCATTCATACTATGC\n  GAGCTTTGGGTATTCACACAATCCATTTTTTTCTGTTCTTTTTTCTGTAT\n  GCGCCTCTTCACCCATTTGGAGCTATTACATCCTAATGCTTCGTGCACAT\n  AGAATATTTGGATATAATTCTTTAGTAGACATATAGTACAACAACAGTTG\n  GTATTTCTGACTTGTATGACCATTTTATTGTTGTTGGCTTGTTCCAGGTA\n  CCATGTTACTAATTTTTTTGCACCAAGTAGCCGTTTTGGAACTCCAGAGG\n  ACTTAAAATCCCTGATCGATAGAGCACATGAGCTTGGTTTGCTTGTTCTT\n  ATGGATATTGTTCATAGGTAAGTAGTCCAATTAATTTTAGCTGCTTTACT\n  GTTTATCTGGTATTCTAAATGGCAGGGCCGTATCGACGAGTATTTTTCCA\n  TTCTATATAATTGTGCTACATGACTTCTTTTTTCTCAGATGTATTAAACC\n  AGTTGGACATCAAATGTATTTGGTACATCTAGTAAACTGACAGTTTCAAA\n  GAACATCGTTTTGTAATGGCAACATGATTTGATGCCATAGATGTGGACTG\n  AGAAGTTCAGATGCTATCAAGAAAATTAATCAACTGGCCATGTACTCGTG\n  GCACTACATAGAGTTTGCAAGTTGGAAAACTGACAGCAATACCTCACTGA\n  TAAGTAGCTAGGCCCCACTTGCCAGCTTCATATTAGATGTTACTTCCCTG\n  TTGAACTCATTTGAACATATTACTTAAAGTTCTTCATTTGTCCTAAGTCA\n  AACTTCTTTAAGTTTGACCAAGTCTACTGAAAAATATATCAACATCTACA\n  ACACCAAATTGGTTTCATTAGATTCACAATTTTTATTTTGTTATATTAGC\n  ACACCTTTGATGTTGTAGATATCAGCACATTTTTCTACAGACTTGGTCAA\n  ATATAGAGAAGTTTGACTTAGGACAAATCTAGAACTTCAATCAATTTGGA\n  TCAGAGGGGATAGTCCATACTGGTTGATTATATTCGGTAACATCAAATAA\n  TATAGATAGATGTCAACACTTTAACAAAAAAATCAGACCTTGTCACCAAA\n  TATGTATCAGACCATCTGTTTGCTTTAGCCACTTGTTTTCATATTTATGT\n  GTTTGTACCTAATCTATTTTTACTTCTACTTGGTTTGGTTGATTTTTTTT\n  CAGTTGCATTGCTTCATCAATGATTTTGTGTACCCTGCAGTCATTCATCA\n  AATAATACCCTTGACGGCTTGAATGGTTTCGATGGCACTGATACACATTA\n  CTTCCACGGTGGTCCACGTGGCCATCATTGGATGTGGGATTCTCGTCTAT\n  TCAACTATGGGAGTTGGGAAGTATGTAGCTCTGACTTCTGTCACCATATT\n  TGGCTAACTGTTCCTGTTAAATCTGTTCTTACACATGTCGATATTCTATT\n  CTTATGTAGGTATTGAGATTCTTACTGTCAAACGCGAGATGGTGGCTTGA\n  AGAATATAAGTTTGATGGATTTCGATTTGATGGGGTGACCTCCATGATGT\n  ATACTCACCATGGATTACAAGTAAGTCATCAAGTGGTTTCAGTAACTTTT\n  TTAGGGCACTGAAATAATTGCTATGCATCATAACATGTATCATGATCAGG\n  ACTTGTGCTACGGAGTCTTAGATAGTTCCCTAGTACGCTTGTACAATTTT\n  ACCTGATGAGATCATGGACGATTCGAAGTGATTATTATTTATTTTTCTTC\n  TAAGTTTGCTTCTTGTTCTAGATGACATTTACTGGGAACTATGGCGAGTA\n  TTTTGGATTTGCTACTGATGTTGACGCGGTAGTTTACTTGATGCTGGTCA\n  ACGATCTAATTCATGGACTTTATCCTGATGCTGTATCCATTGGTGAAGAT\n  GTAAGTGCTTACAGTATTTATGATTTTTAACCAGTTAAGTAGTTTTATTT\n  TGGGATCAGGCTGTTACTCTTTTTGTTAGGGGTAAGATCTCTCTTTTCAT\n  AACAATGCTAATTTATACCTTGTATGATAATGCATCACTTAGGTAATTTG\n  AAAAGTGCAAGGCCATTCAAGCTTACGAGCATATTTTTTGATGGCTGTAA\n  TTTATTTGATAGTATGCTTGTTTGGGTTTTTCAGTAAATGGGAGTGTGTG\n  ACTAATGTTGTATTAGAAATGGGCAACCTTGTCAATTGCTTCAGAAGGCT\n  AACTTAGATTCCGTAAACGCTTCAGAAATGAGAGGCTATTCCCATGGACA\n  TGAAATTATACTTCAGTGTGTTCTGTACATGTATTTGTAAGAGCAAGAGC\n  AACATGGTTTAACTTAAATTCCTGCACTGCTATGGAATCTCACTGTATGT\n  TGTTAGTGTAACATCCGCAAACAAGTAATCCTGAGCTTTCAACTCATGAG\n  AAAATATGAGGTTCCACTTCTGCCAGCATTAACTGTTCACAGTTCTAATT\n  TGTGTAACTGTGAAATTGTTCAGGTCAGTGGAATGCCCACATTTTGCATC\n  CCTGTTCCAGATGGTGGTGTTGGTTTTGACTATCGCTTGCATATGGCTGT\n  AGCAGATAAATGGATTGAACTCCTCAAGTAAGTGCAGGAATATTGGTGAT\n  TACATGCGCACAATGATCTAGATTACAATTTCTAAATGGTAAAAGGAAAA\n  TATGTATGTGAATATCTAGACATTTTCCTGTTATCAGCTTGTATACGAGA\n  AGTCATACATGGTTTAAATAGCAAATCTCAGAAATGTAATGGCTAGTGTC\n  TTTATGCTGGACATTGTACATTGCGCTGTAGCAGGCCAGTCAACACAGTT\n  AGCAATATTTTCAGAAACAATAATTATTTATATCCGTATATGGGGAAAGT\n  AGGTATATAAACTGTGGTCATTAATTGTGTTCACCTTTTGTCCTGTATAA\n  GCATGGGCAGTAGGTAATAAATTTAGCCAGATAAAATAAATCGTTATTAG\n  GTTTACAAAAGGAATATACAGGGTCATGTAGCATATCTAGTTGTAATTAT\n  TGAAAAGGCTGACAAAAGGCTCGGTAAAAAAAATCCAGATACGCAGGAAC\n  GCGACTAAAGCTCAAATATTTATAGTGGTCTCTGTTGCTTGCTGTATATT\n  TGTATCTGCACATATATGAAATTACTACTACACAGCTGCCAATCTGTCAT\n  GATCTGTGTTCTGCTTTGTGCTATTTAAATTTTAATTCGATACATTGGCA\n  ATAATAAACTTAACTATTCAACCAATTTGGTGGATACCAGAGATTTCTGC\n  CCTCTTTTCGTAATGTTGTGCTCCTGCTGCTGTTCTCTGCTGTTACAAAA\n  GCTGTTCTCAGTTTTTTTACATCATTATTTTTGTGTGTGAGTACTTTTAG\n  CATGTTTTTCGAAGCTGTGAGTTGTTGGTACTTAATACATTCTTGGTAGT\n  GTCCAAATATGCTGCAGTCTAATTTAGCATTTCTTTAACACAGGCAAAGT\n  GACGAATCTTGGAAAATGGGTGATATTGTGCACACCCTAACAAATAGAAG\n  GTGGCTTGAGAAGTGTGTAACTTATGCAGAAAGTCATGATCAAGCACTAG\n  TTGGTGACAAGACTATTGCATTCTGGTTGATGGATAAGGTACTAGCTGTT\n  ACTTTTGGACCAAAAGAATTACACAATTGATTTGTCTCATCAGATTGCTA\n  GTGTTTTCTTGTGATAAAGATTGGCTGCGTCACCCATCACCAGCTATTTC\n  CCAACTGTTACTTGAGCAAAATTTGCTGAAAACGTACCATGTGGTACTGT\n  GGCGGCTTGTGAACTTTGACTGTTATGGTGCAAATTTCTGTTCTTATTTT\n  TTTGATTGCTTATGTTACCGTTCATTTGCTCATCCCTTTCAGAGACCAGC\n  CAAAGTCACGTGTAGCTGTGTGATCTATTATCTGAATCTTGAGCAAATTT\n  TATTAATAGGGTAAAACCCAACGAATTATTTGCTTGAATTTTAATATACA\n  GACGTATAGTCACCTGGTGCTTTCTTAAATGATTACCATAGTGCCTGAAG\n  GCTGAAATAGTTTTGGCGTTTCTTGGACGCCGCCTAAAGGAGTGATTTTG\n  GGTAGATTCCTGGTCGAGCCCTCGTTACAACATACATTTTGGAGATATGC\n  TTAGTAACTGCTCTGGGAAGTTTGGTCAGAAGTCTGCATCTACACGCTCC\n  TTGAGGTTTTATTATGACGCCATCTTTGTAACTAGTGGCAGCTGTAAGGA\n  AACACATTCAAAAGGAAACGGTCACATTATTCTAGTCAGGACCACCACAC\n  TAAGAGGAATATTCTGTTCCAATTTTATGAGTTTTTGGGACTCCAAAGGG\n  AACAAAAGTGTCTCATATTGTGCTTATAACTACAGTTGTTTTTATACCAG\n  TGTAGTTCCATTCCAGGACAGTTGATACTTGGTACTGTGCTGTAAATTAT\n  TGATCTGGCATAGAACAGCATGAACATATCAAGCTCTCTTTGTGCAGGAT\n  ATGTATGATTTCATGGCTCTGGATAGGCCTTCAACTCCTCGCATTGATCG\n  TGGCATAGCATTACATAAAATGATCAGGCTTGTCACCATGGGTTTAGGTG\n  GTGAAGGCTATCTTAACTTCATGGGAAATGAGTTTGGGCATCCTGGTCAG\n  TCTTTACAACTTTAATTGCATTCTGCATAGTTGTGATTTACTGTAATTTG\n  AACCATGCTTTGTTTTCACATTGTATGTATTATGTAATCTGTTGCTTCCA\n  AGGAGGAAGTTAACTTCTATTTACTTGGCAGAATGGATAGATTTTCCAAG\n  AGGTCCGCAAACTCTTCCAACCGGCAAAGTTCTCCCTGGAAATAACAATA\n  GTTATGATAAATGCCGCCGTAGATTTGATCTTGTAAGTTTTAGCTTAGCT\n  ATTACATTTCCTCACTAGATCTTTATCGGCCATTTATTTCTTGATGAAAT\n  CATAATGTTTGTTAGGAAAGATCAACATTGCTTTTGTAGTTTTGTAGACG\n  TTAACATAAATATGTGTTAAGAGTTGTTGATCATTAAGAATATCATGATT\n  TTTTGTAGGGAGATGCAGATTTTCTTAGATATCGTGGTATGCAAGAGTTC\n  GATCAGGCAATGCAGCATCTTGAGGAAAAATATGGGGTATGTCACTGGTT\n  TGTCTTTGTTGCATAACAAGTCACAGTTTAACATTAGTCTCTTCAAATGG\n  TCAAAAAAGTGTAGAATTAATTTCTGTAATGAGATGAAAACTGTGCAAAG\n  GCGGGAGCTGGAATTGCTCTTCACCAATTAAAACTATTTTCTTGAGCGAT\n  AGTGTATTGATACCTATACCAACACTGACAATGTAACTGCAGTTTATGAC\n  ATCTGAGCACCAGTATGTTTCACGGAAACACGAGGAAGATAAGGTGATCA\n  TCTTCGAAAGAGGAGATTTGGTATTTGTTTTCAACTTCCACTGGAGCAAT\n  AGCTTTTTTGACTACCGTGTTGGGTGTTCCAGGCCTGGGAAGTACAAGGT\n  ATGCTTTGCTTTTGCATTGTCCACCCTTCACCAGTAGGGTTAGTGGGGGC\n  TTCTACAACTTTTAAGTCCACATGTATAGAGTTTGTTGGTCGTGCAGCTA\n  TCAATATAAAGAATATGATAATTTGTAAAGAAAAGAATTTGTTGCTCGAG\n  CTGTTGTAGTCATATAACATCCCCGAAGCACATCTACTATTCATTCATAT\n  TATCTACTTAAGGGTTTGTTACAATCTTTGTACTCAGTTGGACTCACTCT\n  AATACTGGAACTGTTTACCGAATCTACCCTAATCATCCTAGCAGTTTTAG\n  AGCAGCCCCATTTGGACAGTCCACTGGGTTTAGTTGGTTTGTGACAGTTT\n  CTGCTATTTCTTATCAGGTGGCCTTAGACTCCGACGATGCACTCTTTGGT\n  GGATTCAGCAGGCTTGATCATGATGTCGACTACTTCACAACCGTAAGTCT\n  GGGCCCAAGCGTTACTTGACTCGTCTTGACTCAACTGCTTACAAATCTGA\n  ATCAACTTCTCATTTGCTGATGCCCTTGCAGGAACATCCGCATGACAACA\n  GGCCGCGCTCTTTCTCGGTGTACACTCCGAGCAGAACTGCGGTCGTGTAT\n  GCCCTTACAGAGTAAGAACCAGCAGCTGCTTGTTACAAGGCAAAGAGAGA\n  ACTCCAGAGAGCTCGTGGATCGTGAGCGAAGCGACGGGCAACGGCGCGAG\n  GCTGCTCTAAGCGCCATGACTGGGAGGGGATCGTGCCTCTTCCCCAGATG\n  CCAGGAGGAGCAGATGGATAGGTAGCTTGTTGGTGAGCGCTCGAAAGAAA\n  ATGGACGGGCCTGGGTGTTTGTCGTGCTGCACTACCCTCCTCATATCTTG\n  CACATTCCCGGTTGTTTTTGTACATATAACTAATAATTGCCCGTGCGCTC\n  AACATGAACATATAAATATTCTAATAATAGGT\n\n\n');
/*!40000 ALTER TABLE `string_search_field_value` ENABLE KEYS */;
UNLOCK TABLES;
/*!40103 SET TIME_ZONE=@OLD_TIME_ZONE */;

/*!40101 SET SQL_MODE=@OLD_SQL_MODE */;
/*!40014 SET FOREIGN_KEY_CHECKS=@OLD_FOREIGN_KEY_CHECKS */;
/*!40014 SET UNIQUE_CHECKS=@OLD_UNIQUE_CHECKS */;
/*!40101 SET CHARACTER_SET_CLIENT=@OLD_CHARACTER_SET_CLIENT */;
/*!40101 SET CHARACTER_SET_RESULTS=@OLD_CHARACTER_SET_RESULTS */;
/*!40101 SET COLLATION_CONNECTION=@OLD_COLLATION_CONNECTION */;
/*!40111 SET SQL_NOTES=@OLD_SQL_NOTES */;

-- Dump completed on 2022-07-19  9:42:05
